sku,period,abc_class,model_used,forecast,baseline_forecast
SKU_0001,2026-01,B,SESForecaster,337,393
SKU_0001,2026-02,B,SESForecaster,337,393
SKU_0001,2026-03,B,SESForecaster,337,393
SKU_0001,2026-04,B,SESForecaster,337,393
SKU_0001,2026-05,B,SESForecaster,337,393
SKU_0001,2026-06,B,SESForecaster,337,393
SKU_0001,2026-07,B,SESForecaster,337,393
SKU_0001,2026-08,B,SESForecaster,337,393
SKU_0001,2026-09,B,SESForecaster,337,393
SKU_0001,2026-10,B,SESForecaster,337,393
SKU_0001,2026-11,B,SESForecaster,337,393
SKU_0001,2026-12,B,SESForecaster,337,393
SKU_0001,2027-01,B,SESForecaster,337,393
SKU_0001,2027-02,B,SESForecaster,337,393
SKU_0001,2027-03,B,SESForecaster,337,393
SKU_0001,2027-04,B,SESForecaster,337,393
SKU_0001,2027-05,B,SESForecaster,337,393
SKU_0001,2027-06,B,SESForecaster,337,393
SKU_0001,2027-07,B,SESForecaster,337,393
SKU_0001,2027-08,B,SESForecaster,337,393
SKU_0001,2027-09,B,SESForecaster,337,393
SKU_0001,2027-10,B,SESForecaster,337,393
SKU_0001,2027-11,B,SESForecaster,337,393
SKU_0001,2027-12,B,SESForecaster,337,393
SKU_0001,2028-01,B,SESForecaster,337,393
SKU_0001,2028-02,B,SESForecaster,337,393
SKU_0001,2028-03,B,SESForecaster,337,393
SKU_0001,2028-04,B,SESForecaster,337,393
SKU_0001,2028-05,B,SESForecaster,337,393
SKU_0001,2028-06,B,SESForecaster,337,393
SKU_0001,2028-07,B,SESForecaster,337,393
SKU_0001,2028-08,B,SESForecaster,337,393
SKU_0001,2028-09,B,SESForecaster,337,393
SKU_0001,2028-10,B,SESForecaster,337,393
SKU_0001,2028-11,B,SESForecaster,337,393
SKU_0001,2028-12,B,SESForecaster,337,393
SKU_0002,2026-01,C,MovingAverageForecaster,12,0
SKU_0002,2026-02,C,MovingAverageForecaster,4,0
SKU_0002,2026-03,C,MovingAverageForecaster,5,0
SKU_0002,2026-04,C,MovingAverageForecaster,7,0
SKU_0002,2026-05,C,MovingAverageForecaster,5,0
SKU_0002,2026-06,C,MovingAverageForecaster,6,0
SKU_0002,2026-07,C,MovingAverageForecaster,6,0
SKU_0002,2026-08,C,MovingAverageForecaster,6,0
SKU_0002,2026-09,C,MovingAverageForecaster,6,0
SKU_0002,2026-10,C,MovingAverageForecaster,6,0
SKU_0002,2026-11,C,MovingAverageForecaster,6,0
SKU_0002,2026-12,C,MovingAverageForecaster,6,0
SKU_0002,2027-01,C,MovingAverageForecaster,6,0
SKU_0002,2027-02,C,MovingAverageForecaster,6,0
SKU_0002,2027-03,C,MovingAverageForecaster,6,0
SKU_0002,2027-04,C,MovingAverageForecaster,6,0
SKU_0002,2027-05,C,MovingAverageForecaster,6,0
SKU_0002,2027-06,C,MovingAverageForecaster,6,0
SKU_0002,2027-07,C,MovingAverageForecaster,6,0
SKU_0002,2027-08,C,MovingAverageForecaster,6,0
SKU_0002,2027-09,C,MovingAverageForecaster,6,0
SKU_0002,2027-10,C,MovingAverageForecaster,6,0
SKU_0002,2027-11,C,MovingAverageForecaster,6,0
SKU_0002,2027-12,C,MovingAverageForecaster,6,0
SKU_0002,2028-01,C,MovingAverageForecaster,6,0
SKU_0002,2028-02,C,MovingAverageForecaster,6,0
SKU_0002,2028-03,C,MovingAverageForecaster,6,0
SKU_0002,2028-04,C,MovingAverageForecaster,6,0
SKU_0002,2028-05,C,MovingAverageForecaster,6,0
SKU_0002,2028-06,C,MovingAverageForecaster,6,0
SKU_0002,2028-07,C,MovingAverageForecaster,6,0
SKU_0002,2028-08,C,MovingAverageForecaster,6,0
SKU_0002,2028-09,C,MovingAverageForecaster,6,0
SKU_0002,2028-10,C,MovingAverageForecaster,6,0
SKU_0002,2028-11,C,MovingAverageForecaster,6,0
SKU_0002,2028-12,C,MovingAverageForecaster,6,0
SKU_0003,2026-01,A,HoltWintersForecaster,1265,964
SKU_0003,2026-02,A,HoltWintersForecaster,947,964
SKU_0003,2026-03,A,HoltWintersForecaster,858,964
SKU_0003,2026-04,A,HoltWintersForecaster,871,964
SKU_0003,2026-05,A,HoltWintersForecaster,728,964
SKU_0003,2026-06,A,HoltWintersForecaster,662,964
SKU_0003,2026-07,A,HoltWintersForecaster,805,964
SKU_0003,2026-08,A,HoltWintersForecaster,865,964
SKU_0003,2026-09,A,HoltWintersForecaster,899,964
SKU_0003,2026-10,A,HoltWintersForecaster,1024,964
SKU_0003,2026-11,A,HoltWintersForecaster,1080,964
SKU_0003,2026-12,A,HoltWintersForecaster,1031,964
SKU_0003,2027-01,A,HoltWintersForecaster,1272,964
SKU_0003,2027-02,A,HoltWintersForecaster,954,964
SKU_0003,2027-03,A,HoltWintersForecaster,865,964
SKU_0003,2027-04,A,HoltWintersForecaster,878,964
SKU_0003,2027-05,A,HoltWintersForecaster,736,964
SKU_0003,2027-06,A,HoltWintersForecaster,669,964
SKU_0003,2027-07,A,HoltWintersForecaster,813,964
SKU_0003,2027-08,A,HoltWintersForecaster,872,964
SKU_0003,2027-09,A,HoltWintersForecaster,906,964
SKU_0003,2027-10,A,HoltWintersForecaster,1032,964
SKU_0003,2027-11,A,HoltWintersForecaster,1088,964
SKU_0003,2027-12,A,HoltWintersForecaster,1039,964
SKU_0003,2028-01,A,HoltWintersForecaster,1279,964
SKU_0003,2028-02,A,HoltWintersForecaster,962,964
SKU_0003,2028-03,A,HoltWintersForecaster,872,964
SKU_0003,2028-04,A,HoltWintersForecaster,885,964
SKU_0003,2028-05,A,HoltWintersForecaster,743,964
SKU_0003,2028-06,A,HoltWintersForecaster,677,964
SKU_0003,2028-07,A,HoltWintersForecaster,820,964
SKU_0003,2028-08,A,HoltWintersForecaster,879,964
SKU_0003,2028-09,A,HoltWintersForecaster,914,964
SKU_0003,2028-10,A,HoltWintersForecaster,1039,964
SKU_0003,2028-11,A,HoltWintersForecaster,1095,964
SKU_0003,2028-12,A,HoltWintersForecaster,1046,964
SKU_0004,2026-01,B,SESForecaster,642,648
SKU_0004,2026-02,B,SESForecaster,642,648
SKU_0004,2026-03,B,SESForecaster,642,648
SKU_0004,2026-04,B,SESForecaster,642,648
SKU_0004,2026-05,B,SESForecaster,642,648
SKU_0004,2026-06,B,SESForecaster,642,648
SKU_0004,2026-07,B,SESForecaster,642,648
SKU_0004,2026-08,B,SESForecaster,642,648
SKU_0004,2026-09,B,SESForecaster,642,648
SKU_0004,2026-10,B,SESForecaster,642,648
SKU_0004,2026-11,B,SESForecaster,642,648
SKU_0004,2026-12,B,SESForecaster,642,648
SKU_0004,2027-01,B,SESForecaster,642,648
SKU_0004,2027-02,B,SESForecaster,642,648
SKU_0004,2027-03,B,SESForecaster,642,648
SKU_0004,2027-04,B,SESForecaster,642,648
SKU_0004,2027-05,B,SESForecaster,642,648
SKU_0004,2027-06,B,SESForecaster,642,648
SKU_0004,2027-07,B,SESForecaster,642,648
SKU_0004,2027-08,B,SESForecaster,642,648
SKU_0004,2027-09,B,SESForecaster,642,648
SKU_0004,2027-10,B,SESForecaster,642,648
SKU_0004,2027-11,B,SESForecaster,642,648
SKU_0004,2027-12,B,SESForecaster,642,648
SKU_0004,2028-01,B,SESForecaster,642,648
SKU_0004,2028-02,B,SESForecaster,642,648
SKU_0004,2028-03,B,SESForecaster,642,648
SKU_0004,2028-04,B,SESForecaster,642,648
SKU_0004,2028-05,B,SESForecaster,642,648
SKU_0004,2028-06,B,SESForecaster,642,648
SKU_0004,2028-07,B,SESForecaster,642,648
SKU_0004,2028-08,B,SESForecaster,642,648
SKU_0004,2028-09,B,SESForecaster,642,648
SKU_0004,2028-10,B,SESForecaster,642,648
SKU_0004,2028-11,B,SESForecaster,642,648
SKU_0004,2028-12,B,SESForecaster,642,648
SKU_0005,2026-01,C,MovingAverageForecaster,631,610
SKU_0005,2026-02,C,MovingAverageForecaster,637,610
SKU_0005,2026-03,C,MovingAverageForecaster,626,610
SKU_0005,2026-04,C,MovingAverageForecaster,631,610
SKU_0005,2026-05,C,MovingAverageForecaster,631,610
SKU_0005,2026-06,C,MovingAverageForecaster,629,610
SKU_0005,2026-07,C,MovingAverageForecaster,630,610
SKU_0005,2026-08,C,MovingAverageForecaster,630,610
SKU_0005,2026-09,C,MovingAverageForecaster,630,610
SKU_0005,2026-10,C,MovingAverageForecaster,630,610
SKU_0005,2026-11,C,MovingAverageForecaster,630,610
SKU_0005,2026-12,C,MovingAverageForecaster,630,610
SKU_0005,2027-01,C,MovingAverageForecaster,630,610
SKU_0005,2027-02,C,MovingAverageForecaster,630,610
SKU_0005,2027-03,C,MovingAverageForecaster,630,610
SKU_0005,2027-04,C,MovingAverageForecaster,630,610
SKU_0005,2027-05,C,MovingAverageForecaster,630,610
SKU_0005,2027-06,C,MovingAverageForecaster,630,610
SKU_0005,2027-07,C,MovingAverageForecaster,630,610
SKU_0005,2027-08,C,MovingAverageForecaster,630,610
SKU_0005,2027-09,C,MovingAverageForecaster,630,610
SKU_0005,2027-10,C,MovingAverageForecaster,630,610
SKU_0005,2027-11,C,MovingAverageForecaster,630,610
SKU_0005,2027-12,C,MovingAverageForecaster,630,610
SKU_0005,2028-01,C,MovingAverageForecaster,630,610
SKU_0005,2028-02,C,MovingAverageForecaster,630,610
SKU_0005,2028-03,C,MovingAverageForecaster,630,610
SKU_0005,2028-04,C,MovingAverageForecaster,630,610
SKU_0005,2028-05,C,MovingAverageForecaster,630,610
SKU_0005,2028-06,C,MovingAverageForecaster,630,610
SKU_0005,2028-07,C,MovingAverageForecaster,630,610
SKU_0005,2028-08,C,MovingAverageForecaster,630,610
SKU_0005,2028-09,C,MovingAverageForecaster,630,610
SKU_0005,2028-10,C,MovingAverageForecaster,630,610
SKU_0005,2028-11,C,MovingAverageForecaster,630,610
SKU_0005,2028-12,C,MovingAverageForecaster,630,610
SKU_0006,2026-01,A,HoltWintersForecaster,165,164
SKU_0006,2026-02,A,HoltWintersForecaster,150,164
SKU_0006,2026-03,A,HoltWintersForecaster,278,164
SKU_0006,2026-04,A,HoltWintersForecaster,143,164
SKU_0006,2026-05,A,HoltWintersForecaster,134,164
SKU_0006,2026-06,A,HoltWintersForecaster,121,164
SKU_0006,2026-07,A,HoltWintersForecaster,101,164
SKU_0006,2026-08,A,HoltWintersForecaster,102,164
SKU_0006,2026-09,A,HoltWintersForecaster,104,164
SKU_0006,2026-10,A,HoltWintersForecaster,112,164
SKU_0006,2026-11,A,HoltWintersForecaster,130,164
SKU_0006,2026-12,A,HoltWintersForecaster,154,164
SKU_0006,2027-01,A,HoltWintersForecaster,168,164
SKU_0006,2027-02,A,HoltWintersForecaster,153,164
SKU_0006,2027-03,A,HoltWintersForecaster,282,164
SKU_0006,2027-04,A,HoltWintersForecaster,147,164
SKU_0006,2027-05,A,HoltWintersForecaster,138,164
SKU_0006,2027-06,A,HoltWintersForecaster,125,164
SKU_0006,2027-07,A,HoltWintersForecaster,105,164
SKU_0006,2027-08,A,HoltWintersForecaster,105,164
SKU_0006,2027-09,A,HoltWintersForecaster,107,164
SKU_0006,2027-10,A,HoltWintersForecaster,116,164
SKU_0006,2027-11,A,HoltWintersForecaster,134,164
SKU_0006,2027-12,A,HoltWintersForecaster,158,164
SKU_0006,2028-01,A,HoltWintersForecaster,172,164
SKU_0006,2028-02,A,HoltWintersForecaster,157,164
SKU_0006,2028-03,A,HoltWintersForecaster,285,164
SKU_0006,2028-04,A,HoltWintersForecaster,150,164
SKU_0006,2028-05,A,HoltWintersForecaster,141,164
SKU_0006,2028-06,A,HoltWintersForecaster,128,164
SKU_0006,2028-07,A,HoltWintersForecaster,109,164
SKU_0006,2028-08,A,HoltWintersForecaster,109,164
SKU_0006,2028-09,A,HoltWintersForecaster,111,164
SKU_0006,2028-10,A,HoltWintersForecaster,119,164
SKU_0006,2028-11,A,HoltWintersForecaster,137,164
SKU_0006,2028-12,A,HoltWintersForecaster,161,164
SKU_0007,2026-01,B,SESForecaster,2,2
SKU_0007,2026-02,B,SESForecaster,2,2
SKU_0007,2026-03,B,SESForecaster,2,2
SKU_0007,2026-04,B,SESForecaster,2,2
SKU_0007,2026-05,B,SESForecaster,2,2
SKU_0007,2026-06,B,SESForecaster,2,2
SKU_0007,2026-07,B,SESForecaster,2,2
SKU_0007,2026-08,B,SESForecaster,2,2
SKU_0007,2026-09,B,SESForecaster,2,2
SKU_0007,2026-10,B,SESForecaster,2,2
SKU_0007,2026-11,B,SESForecaster,2,2
SKU_0007,2026-12,B,SESForecaster,2,2
SKU_0007,2027-01,B,SESForecaster,2,2
SKU_0007,2027-02,B,SESForecaster,2,2
SKU_0007,2027-03,B,SESForecaster,2,2
SKU_0007,2027-04,B,SESForecaster,2,2
SKU_0007,2027-05,B,SESForecaster,2,2
SKU_0007,2027-06,B,SESForecaster,2,2
SKU_0007,2027-07,B,SESForecaster,2,2
SKU_0007,2027-08,B,SESForecaster,2,2
SKU_0007,2027-09,B,SESForecaster,2,2
SKU_0007,2027-10,B,SESForecaster,2,2
SKU_0007,2027-11,B,SESForecaster,2,2
SKU_0007,2027-12,B,SESForecaster,2,2
SKU_0007,2028-01,B,SESForecaster,2,2
SKU_0007,2028-02,B,SESForecaster,2,2
SKU_0007,2028-03,B,SESForecaster,2,2
SKU_0007,2028-04,B,SESForecaster,2,2
SKU_0007,2028-05,B,SESForecaster,2,2
SKU_0007,2028-06,B,SESForecaster,2,2
SKU_0007,2028-07,B,SESForecaster,2,2
SKU_0007,2028-08,B,SESForecaster,2,2
SKU_0007,2028-09,B,SESForecaster,2,2
SKU_0007,2028-10,B,SESForecaster,2,2
SKU_0007,2028-11,B,SESForecaster,2,2
SKU_0007,2028-12,B,SESForecaster,2,2
SKU_0008,2026-01,C,MovingAverageForecaster,1010,785
SKU_0008,2026-02,C,MovingAverageForecaster,991,785
SKU_0008,2026-03,C,MovingAverageForecaster,929,785
SKU_0008,2026-04,C,MovingAverageForecaster,976,785
SKU_0008,2026-05,C,MovingAverageForecaster,965,785
SKU_0008,2026-06,C,MovingAverageForecaster,957,785
SKU_0008,2026-07,C,MovingAverageForecaster,966,785
SKU_0008,2026-08,C,MovingAverageForecaster,963,785
SKU_0008,2026-09,C,MovingAverageForecaster,962,785
SKU_0008,2026-10,C,MovingAverageForecaster,964,785
SKU_0008,2026-11,C,MovingAverageForecaster,963,785
SKU_0008,2026-12,C,MovingAverageForecaster,963,785
SKU_0008,2027-01,C,MovingAverageForecaster,963,785
SKU_0008,2027-02,C,MovingAverageForecaster,963,785
SKU_0008,2027-03,C,MovingAverageForecaster,963,785
SKU_0008,2027-04,C,MovingAverageForecaster,963,785
SKU_0008,2027-05,C,MovingAverageForecaster,963,785
SKU_0008,2027-06,C,MovingAverageForecaster,963,785
SKU_0008,2027-07,C,MovingAverageForecaster,963,785
SKU_0008,2027-08,C,MovingAverageForecaster,963,785
SKU_0008,2027-09,C,MovingAverageForecaster,963,785
SKU_0008,2027-10,C,MovingAverageForecaster,963,785
SKU_0008,2027-11,C,MovingAverageForecaster,963,785
SKU_0008,2027-12,C,MovingAverageForecaster,963,785
SKU_0008,2028-01,C,MovingAverageForecaster,963,785
SKU_0008,2028-02,C,MovingAverageForecaster,963,785
SKU_0008,2028-03,C,MovingAverageForecaster,963,785
SKU_0008,2028-04,C,MovingAverageForecaster,963,785
SKU_0008,2028-05,C,MovingAverageForecaster,963,785
SKU_0008,2028-06,C,MovingAverageForecaster,963,785
SKU_0008,2028-07,C,MovingAverageForecaster,963,785
SKU_0008,2028-08,C,MovingAverageForecaster,963,785
SKU_0008,2028-09,C,MovingAverageForecaster,963,785
SKU_0008,2028-10,C,MovingAverageForecaster,963,785
SKU_0008,2028-11,C,MovingAverageForecaster,963,785
SKU_0008,2028-12,C,MovingAverageForecaster,963,785
SKU_0009,2026-01,A,HoltWintersForecaster,3,0
SKU_0009,2026-02,A,HoltWintersForecaster,0,0
SKU_0009,2026-03,A,HoltWintersForecaster,0,0
SKU_0009,2026-04,A,HoltWintersForecaster,0,0
SKU_0009,2026-05,A,HoltWintersForecaster,0,0
SKU_0009,2026-06,A,HoltWintersForecaster,1,0
SKU_0009,2026-07,A,HoltWintersForecaster,0,0
SKU_0009,2026-08,A,HoltWintersForecaster,2,0
SKU_0009,2026-09,A,HoltWintersForecaster,0,0
SKU_0009,2026-10,A,HoltWintersForecaster,0,0
SKU_0009,2026-11,A,HoltWintersForecaster,0,0
SKU_0009,2026-12,A,HoltWintersForecaster,1,0
SKU_0009,2027-01,A,HoltWintersForecaster,2,0
SKU_0009,2027-02,A,HoltWintersForecaster,0,0
SKU_0009,2027-03,A,HoltWintersForecaster,0,0
SKU_0009,2027-04,A,HoltWintersForecaster,0,0
SKU_0009,2027-05,A,HoltWintersForecaster,0,0
SKU_0009,2027-06,A,HoltWintersForecaster,0,0
SKU_0009,2027-07,A,HoltWintersForecaster,0,0
SKU_0009,2027-08,A,HoltWintersForecaster,1,0
SKU_0009,2027-09,A,HoltWintersForecaster,0,0
SKU_0009,2027-10,A,HoltWintersForecaster,0,0
SKU_0009,2027-11,A,HoltWintersForecaster,0,0
SKU_0009,2027-12,A,HoltWintersForecaster,0,0
SKU_0009,2028-01,A,HoltWintersForecaster,0,0
SKU_0009,2028-02,A,HoltWintersForecaster,0,0
SKU_0009,2028-03,A,HoltWintersForecaster,0,0
SKU_0009,2028-04,A,HoltWintersForecaster,0,0
SKU_0009,2028-05,A,HoltWintersForecaster,0,0
SKU_0009,2028-06,A,HoltWintersForecaster,0,0
SKU_0009,2028-07,A,HoltWintersForecaster,0,0
SKU_0009,2028-08,A,HoltWintersForecaster,0,0
SKU_0009,2028-09,A,HoltWintersForecaster,0,0
SKU_0009,2028-10,A,HoltWintersForecaster,0,0
SKU_0009,2028-11,A,HoltWintersForecaster,0,0
SKU_0009,2028-12,A,HoltWintersForecaster,0,0
SKU_0010,2026-01,B,SESForecaster,4365,4876
SKU_0010,2026-02,B,SESForecaster,4365,4876
SKU_0010,2026-03,B,SESForecaster,4365,4876
SKU_0010,2026-04,B,SESForecaster,4365,4876
SKU_0010,2026-05,B,SESForecaster,4365,4876
SKU_0010,2026-06,B,SESForecaster,4365,4876
SKU_0010,2026-07,B,SESForecaster,4365,4876
SKU_0010,2026-08,B,SESForecaster,4365,4876
SKU_0010,2026-09,B,SESForecaster,4365,4876
SKU_0010,2026-10,B,SESForecaster,4365,4876
SKU_0010,2026-11,B,SESForecaster,4365,4876
SKU_0010,2026-12,B,SESForecaster,4365,4876
SKU_0010,2027-01,B,SESForecaster,4365,4876
SKU_0010,2027-02,B,SESForecaster,4365,4876
SKU_0010,2027-03,B,SESForecaster,4365,4876
SKU_0010,2027-04,B,SESForecaster,4365,4876
SKU_0010,2027-05,B,SESForecaster,4365,4876
SKU_0010,2027-06,B,SESForecaster,4365,4876
SKU_0010,2027-07,B,SESForecaster,4365,4876
SKU_0010,2027-08,B,SESForecaster,4365,4876
SKU_0010,2027-09,B,SESForecaster,4365,4876
SKU_0010,2027-10,B,SESForecaster,4365,4876
SKU_0010,2027-11,B,SESForecaster,4365,4876
SKU_0010,2027-12,B,SESForecaster,4365,4876
SKU_0010,2028-01,B,SESForecaster,4365,4876
SKU_0010,2028-02,B,SESForecaster,4365,4876
SKU_0010,2028-03,B,SESForecaster,4365,4876
SKU_0010,2028-04,B,SESForecaster,4365,4876
SKU_0010,2028-05,B,SESForecaster,4365,4876
SKU_0010,2028-06,B,SESForecaster,4365,4876
SKU_0010,2028-07,B,SESForecaster,4365,4876
SKU_0010,2028-08,B,SESForecaster,4365,4876
SKU_0010,2028-09,B,SESForecaster,4365,4876
SKU_0010,2028-10,B,SESForecaster,4365,4876
SKU_0010,2028-11,B,SESForecaster,4365,4876
SKU_0010,2028-12,B,SESForecaster,4365,4876
SKU_0012,2026-01,A,HoltWintersForecaster,131,1
SKU_0012,2026-02,A,HoltWintersForecaster,205,1
SKU_0012,2026-03,A,HoltWintersForecaster,374,1
SKU_0012,2026-04,A,HoltWintersForecaster,412,1
SKU_0012,2026-05,A,HoltWintersForecaster,563,1
SKU_0012,2026-06,A,HoltWintersForecaster,540,1
SKU_0012,2026-07,A,HoltWintersForecaster,568,1
SKU_0012,2026-08,A,HoltWintersForecaster,668,1
SKU_0012,2026-09,A,HoltWintersForecaster,686,1
SKU_0012,2026-10,A,HoltWintersForecaster,658,1
SKU_0012,2026-11,A,HoltWintersForecaster,590,1
SKU_0012,2026-12,A,HoltWintersForecaster,617,1
SKU_0012,2027-01,A,HoltWintersForecaster,744,1
SKU_0012,2027-02,A,HoltWintersForecaster,818,1
SKU_0012,2027-03,A,HoltWintersForecaster,988,1
SKU_0012,2027-04,A,HoltWintersForecaster,1026,1
SKU_0012,2027-05,A,HoltWintersForecaster,1177,1
SKU_0012,2027-06,A,HoltWintersForecaster,1153,1
SKU_0012,2027-07,A,HoltWintersForecaster,1181,1
SKU_0012,2027-08,A,HoltWintersForecaster,1281,1
SKU_0012,2027-09,A,HoltWintersForecaster,1300,1
SKU_0012,2027-10,A,HoltWintersForecaster,1272,1
SKU_0012,2027-11,A,HoltWintersForecaster,1203,1
SKU_0012,2027-12,A,HoltWintersForecaster,1230,1
SKU_0012,2028-01,A,HoltWintersForecaster,1358,1
SKU_0012,2028-02,A,HoltWintersForecaster,1432,1
SKU_0012,2028-03,A,HoltWintersForecaster,1601,1
SKU_0012,2028-04,A,HoltWintersForecaster,1639,1
SKU_0012,2028-05,A,HoltWintersForecaster,1790,1
SKU_0012,2028-06,A,HoltWintersForecaster,1767,1
SKU_0012,2028-07,A,HoltWintersForecaster,1795,1
SKU_0012,2028-08,A,HoltWintersForecaster,1894,1
SKU_0012,2028-09,A,HoltWintersForecaster,1913,1
SKU_0012,2028-10,A,HoltWintersForecaster,1885,1
SKU_0012,2028-11,A,HoltWintersForecaster,1816,1
SKU_0012,2028-12,A,HoltWintersForecaster,1844,1
SKU_0013,2026-01,B,SESForecaster,1812,1182
SKU_0013,2026-02,B,SESForecaster,1812,1182
SKU_0013,2026-03,B,SESForecaster,1812,1182
SKU_0013,2026-04,B,SESForecaster,1812,1182
SKU_0013,2026-05,B,SESForecaster,1812,1182
SKU_0013,2026-06,B,SESForecaster,1812,1182
SKU_0013,2026-07,B,SESForecaster,1812,1182
SKU_0013,2026-08,B,SESForecaster,1812,1182
SKU_0013,2026-09,B,SESForecaster,1812,1182
SKU_0013,2026-10,B,SESForecaster,1812,1182
SKU_0013,2026-11,B,SESForecaster,1812,1182
SKU_0013,2026-12,B,SESForecaster,1812,1182
SKU_0013,2027-01,B,SESForecaster,1812,1182
SKU_0013,2027-02,B,SESForecaster,1812,1182
SKU_0013,2027-03,B,SESForecaster,1812,1182
SKU_0013,2027-04,B,SESForecaster,1812,1182
SKU_0013,2027-05,B,SESForecaster,1812,1182
SKU_0013,2027-06,B,SESForecaster,1812,1182
SKU_0013,2027-07,B,SESForecaster,1812,1182
SKU_0013,2027-08,B,SESForecaster,1812,1182
SKU_0013,2027-09,B,SESForecaster,1812,1182
SKU_0013,2027-10,B,SESForecaster,1812,1182
SKU_0013,2027-11,B,SESForecaster,1812,1182
SKU_0013,2027-12,B,SESForecaster,1812,1182
SKU_0013,2028-01,B,SESForecaster,1812,1182
SKU_0013,2028-02,B,SESForecaster,1812,1182
SKU_0013,2028-03,B,SESForecaster,1812,1182
SKU_0013,2028-04,B,SESForecaster,1812,1182
SKU_0013,2028-05,B,SESForecaster,1812,1182
SKU_0013,2028-06,B,SESForecaster,1812,1182
SKU_0013,2028-07,B,SESForecaster,1812,1182
SKU_0013,2028-08,B,SESForecaster,1812,1182
SKU_0013,2028-09,B,SESForecaster,1812,1182
SKU_0013,2028-10,B,SESForecaster,1812,1182
SKU_0013,2028-11,B,SESForecaster,1812,1182
SKU_0013,2028-12,B,SESForecaster,1812,1182
SKU_0014,2026-01,C,MovingAverageForecaster,1321,1302
SKU_0014,2026-02,C,MovingAverageForecaster,1339,1302
SKU_0014,2026-03,C,MovingAverageForecaster,1321,1302
SKU_0014,2026-04,C,MovingAverageForecaster,1327,1302
SKU_0014,2026-05,C,MovingAverageForecaster,1329,1302
SKU_0014,2026-06,C,MovingAverageForecaster,1325,1302
SKU_0014,2026-07,C,MovingAverageForecaster,1327,1302
SKU_0014,2026-08,C,MovingAverageForecaster,1327,1302
SKU_0014,2026-09,C,MovingAverageForecaster,1327,1302
SKU_0014,2026-10,C,MovingAverageForecaster,1327,1302
SKU_0014,2026-11,C,MovingAverageForecaster,1327,1302
SKU_0014,2026-12,C,MovingAverageForecaster,1327,1302
SKU_0014,2027-01,C,MovingAverageForecaster,1327,1302
SKU_0014,2027-02,C,MovingAverageForecaster,1327,1302
SKU_0014,2027-03,C,MovingAverageForecaster,1327,1302
SKU_0014,2027-04,C,MovingAverageForecaster,1327,1302
SKU_0014,2027-05,C,MovingAverageForecaster,1327,1302
SKU_0014,2027-06,C,MovingAverageForecaster,1327,1302
SKU_0014,2027-07,C,MovingAverageForecaster,1327,1302
SKU_0014,2027-08,C,MovingAverageForecaster,1327,1302
SKU_0014,2027-09,C,MovingAverageForecaster,1327,1302
SKU_0014,2027-10,C,MovingAverageForecaster,1327,1302
SKU_0014,2027-11,C,MovingAverageForecaster,1327,1302
SKU_0014,2027-12,C,MovingAverageForecaster,1327,1302
SKU_0014,2028-01,C,MovingAverageForecaster,1327,1302
SKU_0014,2028-02,C,MovingAverageForecaster,1327,1302
SKU_0014,2028-03,C,MovingAverageForecaster,1327,1302
SKU_0014,2028-04,C,MovingAverageForecaster,1327,1302
SKU_0014,2028-05,C,MovingAverageForecaster,1327,1302
SKU_0014,2028-06,C,MovingAverageForecaster,1327,1302
SKU_0014,2028-07,C,MovingAverageForecaster,1327,1302
SKU_0014,2028-08,C,MovingAverageForecaster,1327,1302
SKU_0014,2028-09,C,MovingAverageForecaster,1327,1302
SKU_0014,2028-10,C,MovingAverageForecaster,1327,1302
SKU_0014,2028-11,C,MovingAverageForecaster,1327,1302
SKU_0014,2028-12,C,MovingAverageForecaster,1327,1302
SKU_0015,2026-01,A,HoltWintersForecaster,3,0
SKU_0015,2026-02,A,HoltWintersForecaster,1,0
SKU_0015,2026-03,A,HoltWintersForecaster,1,0
SKU_0015,2026-04,A,HoltWintersForecaster,6,0
SKU_0015,2026-05,A,HoltWintersForecaster,3,0
SKU_0015,2026-06,A,HoltWintersForecaster,1,0
SKU_0015,2026-07,A,HoltWintersForecaster,1,0
SKU_0015,2026-08,A,HoltWintersForecaster,3,0
SKU_0015,2026-09,A,HoltWintersForecaster,3,0
SKU_0015,2026-10,A,HoltWintersForecaster,1,0
SKU_0015,2026-11,A,HoltWintersForecaster,4,0
SKU_0015,2026-12,A,HoltWintersForecaster,3,0
SKU_0015,2027-01,A,HoltWintersForecaster,4,0
SKU_0015,2027-02,A,HoltWintersForecaster,1,0
SKU_0015,2027-03,A,HoltWintersForecaster,1,0
SKU_0015,2027-04,A,HoltWintersForecaster,6,0
SKU_0015,2027-05,A,HoltWintersForecaster,4,0
SKU_0015,2027-06,A,HoltWintersForecaster,1,0
SKU_0015,2027-07,A,HoltWintersForecaster,1,0
SKU_0015,2027-08,A,HoltWintersForecaster,3,0
SKU_0015,2027-09,A,HoltWintersForecaster,3,0
SKU_0015,2027-10,A,HoltWintersForecaster,1,0
SKU_0015,2027-11,A,HoltWintersForecaster,4,0
SKU_0015,2027-12,A,HoltWintersForecaster,3,0
SKU_0015,2028-01,A,HoltWintersForecaster,4,0
SKU_0015,2028-02,A,HoltWintersForecaster,2,0
SKU_0015,2028-03,A,HoltWintersForecaster,2,0
SKU_0015,2028-04,A,HoltWintersForecaster,7,0
SKU_0015,2028-05,A,HoltWintersForecaster,4,0
SKU_0015,2028-06,A,HoltWintersForecaster,1,0
SKU_0015,2028-07,A,HoltWintersForecaster,1,0
SKU_0015,2028-08,A,HoltWintersForecaster,4,0
SKU_0015,2028-09,A,HoltWintersForecaster,3,0
SKU_0015,2028-10,A,HoltWintersForecaster,2,0
SKU_0015,2028-11,A,HoltWintersForecaster,5,0
SKU_0015,2028-12,A,HoltWintersForecaster,4,0
SKU_0016,2026-01,B,SESForecaster,126,137
SKU_0016,2026-02,B,SESForecaster,126,137
SKU_0016,2026-03,B,SESForecaster,126,137
SKU_0016,2026-04,B,SESForecaster,126,137
SKU_0016,2026-05,B,SESForecaster,126,137
SKU_0016,2026-06,B,SESForecaster,126,137
SKU_0016,2026-07,B,SESForecaster,126,137
SKU_0016,2026-08,B,SESForecaster,126,137
SKU_0016,2026-09,B,SESForecaster,126,137
SKU_0016,2026-10,B,SESForecaster,126,137
SKU_0016,2026-11,B,SESForecaster,126,137
SKU_0016,2026-12,B,SESForecaster,126,137
SKU_0016,2027-01,B,SESForecaster,126,137
SKU_0016,2027-02,B,SESForecaster,126,137
SKU_0016,2027-03,B,SESForecaster,126,137
SKU_0016,2027-04,B,SESForecaster,126,137
SKU_0016,2027-05,B,SESForecaster,126,137
SKU_0016,2027-06,B,SESForecaster,126,137
SKU_0016,2027-07,B,SESForecaster,126,137
SKU_0016,2027-08,B,SESForecaster,126,137
SKU_0016,2027-09,B,SESForecaster,126,137
SKU_0016,2027-10,B,SESForecaster,126,137
SKU_0016,2027-11,B,SESForecaster,126,137
SKU_0016,2027-12,B,SESForecaster,126,137
SKU_0016,2028-01,B,SESForecaster,126,137
SKU_0016,2028-02,B,SESForecaster,126,137
SKU_0016,2028-03,B,SESForecaster,126,137
SKU_0016,2028-04,B,SESForecaster,126,137
SKU_0016,2028-05,B,SESForecaster,126,137
SKU_0016,2028-06,B,SESForecaster,126,137
SKU_0016,2028-07,B,SESForecaster,126,137
SKU_0016,2028-08,B,SESForecaster,126,137
SKU_0016,2028-09,B,SESForecaster,126,137
SKU_0016,2028-10,B,SESForecaster,126,137
SKU_0016,2028-11,B,SESForecaster,126,137
SKU_0016,2028-12,B,SESForecaster,126,137
SKU_0017,2026-01,C,MovingAverageForecaster,159,142
SKU_0017,2026-02,C,MovingAverageForecaster,155,142
SKU_0017,2026-03,C,MovingAverageForecaster,152,142
SKU_0017,2026-04,C,MovingAverageForecaster,155,142
SKU_0017,2026-05,C,MovingAverageForecaster,154,142
SKU_0017,2026-06,C,MovingAverageForecaster,154,142
SKU_0017,2026-07,C,MovingAverageForecaster,154,142
SKU_0017,2026-08,C,MovingAverageForecaster,154,142
SKU_0017,2026-09,C,MovingAverageForecaster,154,142
SKU_0017,2026-10,C,MovingAverageForecaster,154,142
SKU_0017,2026-11,C,MovingAverageForecaster,154,142
SKU_0017,2026-12,C,MovingAverageForecaster,154,142
SKU_0017,2027-01,C,MovingAverageForecaster,154,142
SKU_0017,2027-02,C,MovingAverageForecaster,154,142
SKU_0017,2027-03,C,MovingAverageForecaster,154,142
SKU_0017,2027-04,C,MovingAverageForecaster,154,142
SKU_0017,2027-05,C,MovingAverageForecaster,154,142
SKU_0017,2027-06,C,MovingAverageForecaster,154,142
SKU_0017,2027-07,C,MovingAverageForecaster,154,142
SKU_0017,2027-08,C,MovingAverageForecaster,154,142
SKU_0017,2027-09,C,MovingAverageForecaster,154,142
SKU_0017,2027-10,C,MovingAverageForecaster,154,142
SKU_0017,2027-11,C,MovingAverageForecaster,154,142
SKU_0017,2027-12,C,MovingAverageForecaster,154,142
SKU_0017,2028-01,C,MovingAverageForecaster,154,142
SKU_0017,2028-02,C,MovingAverageForecaster,154,142
SKU_0017,2028-03,C,MovingAverageForecaster,154,142
SKU_0017,2028-04,C,MovingAverageForecaster,154,142
SKU_0017,2028-05,C,MovingAverageForecaster,154,142
SKU_0017,2028-06,C,MovingAverageForecaster,154,142
SKU_0017,2028-07,C,MovingAverageForecaster,154,142
SKU_0017,2028-08,C,MovingAverageForecaster,154,142
SKU_0017,2028-09,C,MovingAverageForecaster,154,142
SKU_0017,2028-10,C,MovingAverageForecaster,154,142
SKU_0017,2028-11,C,MovingAverageForecaster,154,142
SKU_0017,2028-12,C,MovingAverageForecaster,154,142
SKU_0018,2026-01,A,HoltWintersForecaster,282,277
SKU_0018,2026-02,A,HoltWintersForecaster,266,277
SKU_0018,2026-03,A,HoltWintersForecaster,275,277
SKU_0018,2026-04,A,HoltWintersForecaster,336,277
SKU_0018,2026-05,A,HoltWintersForecaster,341,277
SKU_0018,2026-06,A,HoltWintersForecaster,268,277
SKU_0018,2026-07,A,HoltWintersForecaster,444,277
SKU_0018,2026-08,A,HoltWintersForecaster,381,277
SKU_0018,2026-09,A,HoltWintersForecaster,413,277
SKU_0018,2026-10,A,HoltWintersForecaster,384,277
SKU_0018,2026-11,A,HoltWintersForecaster,380,277
SKU_0018,2026-12,A,HoltWintersForecaster,334,277
SKU_0018,2027-01,A,HoltWintersForecaster,312,277
SKU_0018,2027-02,A,HoltWintersForecaster,296,277
SKU_0018,2027-03,A,HoltWintersForecaster,305,277
SKU_0018,2027-04,A,HoltWintersForecaster,367,277
SKU_0018,2027-05,A,HoltWintersForecaster,371,277
SKU_0018,2027-06,A,HoltWintersForecaster,298,277
SKU_0018,2027-07,A,HoltWintersForecaster,474,277
SKU_0018,2027-08,A,HoltWintersForecaster,412,277
SKU_0018,2027-09,A,HoltWintersForecaster,443,277
SKU_0018,2027-10,A,HoltWintersForecaster,414,277
SKU_0018,2027-11,A,HoltWintersForecaster,410,277
SKU_0018,2027-12,A,HoltWintersForecaster,364,277
SKU_0018,2028-01,A,HoltWintersForecaster,343,277
SKU_0018,2028-02,A,HoltWintersForecaster,327,277
SKU_0018,2028-03,A,HoltWintersForecaster,335,277
SKU_0018,2028-04,A,HoltWintersForecaster,397,277
SKU_0018,2028-05,A,HoltWintersForecaster,401,277
SKU_0018,2028-06,A,HoltWintersForecaster,328,277
SKU_0018,2028-07,A,HoltWintersForecaster,505,277
SKU_0018,2028-08,A,HoltWintersForecaster,442,277
SKU_0018,2028-09,A,HoltWintersForecaster,473,277
SKU_0018,2028-10,A,HoltWintersForecaster,444,277
SKU_0018,2028-11,A,HoltWintersForecaster,440,277
SKU_0018,2028-12,A,HoltWintersForecaster,394,277
SKU_0019,2026-01,B,SESForecaster,124,124
SKU_0019,2026-02,B,SESForecaster,124,124
SKU_0019,2026-03,B,SESForecaster,124,124
SKU_0019,2026-04,B,SESForecaster,124,124
SKU_0019,2026-05,B,SESForecaster,124,124
SKU_0019,2026-06,B,SESForecaster,124,124
SKU_0019,2026-07,B,SESForecaster,124,124
SKU_0019,2026-08,B,SESForecaster,124,124
SKU_0019,2026-09,B,SESForecaster,124,124
SKU_0019,2026-10,B,SESForecaster,124,124
SKU_0019,2026-11,B,SESForecaster,124,124
SKU_0019,2026-12,B,SESForecaster,124,124
SKU_0019,2027-01,B,SESForecaster,124,124
SKU_0019,2027-02,B,SESForecaster,124,124
SKU_0019,2027-03,B,SESForecaster,124,124
SKU_0019,2027-04,B,SESForecaster,124,124
SKU_0019,2027-05,B,SESForecaster,124,124
SKU_0019,2027-06,B,SESForecaster,124,124
SKU_0019,2027-07,B,SESForecaster,124,124
SKU_0019,2027-08,B,SESForecaster,124,124
SKU_0019,2027-09,B,SESForecaster,124,124
SKU_0019,2027-10,B,SESForecaster,124,124
SKU_0019,2027-11,B,SESForecaster,124,124
SKU_0019,2027-12,B,SESForecaster,124,124
SKU_0019,2028-01,B,SESForecaster,124,124
SKU_0019,2028-02,B,SESForecaster,124,124
SKU_0019,2028-03,B,SESForecaster,124,124
SKU_0019,2028-04,B,SESForecaster,124,124
SKU_0019,2028-05,B,SESForecaster,124,124
SKU_0019,2028-06,B,SESForecaster,124,124
SKU_0019,2028-07,B,SESForecaster,124,124
SKU_0019,2028-08,B,SESForecaster,124,124
SKU_0019,2028-09,B,SESForecaster,124,124
SKU_0019,2028-10,B,SESForecaster,124,124
SKU_0019,2028-11,B,SESForecaster,124,124
SKU_0019,2028-12,B,SESForecaster,124,124
SKU_0020,2026-01,C,MovingAverageForecaster,2673,2279
SKU_0020,2026-02,C,MovingAverageForecaster,2392,2279
SKU_0020,2026-03,C,MovingAverageForecaster,2448,2279
SKU_0020,2026-04,C,MovingAverageForecaster,2504,2279
SKU_0020,2026-05,C,MovingAverageForecaster,2448,2279
SKU_0020,2026-06,C,MovingAverageForecaster,2467,2279
SKU_0020,2026-07,C,MovingAverageForecaster,2473,2279
SKU_0020,2026-08,C,MovingAverageForecaster,2463,2279
SKU_0020,2026-09,C,MovingAverageForecaster,2468,2279
SKU_0020,2026-10,C,MovingAverageForecaster,2468,2279
SKU_0020,2026-11,C,MovingAverageForecaster,2466,2279
SKU_0020,2026-12,C,MovingAverageForecaster,2467,2279
SKU_0020,2027-01,C,MovingAverageForecaster,2467,2279
SKU_0020,2027-02,C,MovingAverageForecaster,2467,2279
SKU_0020,2027-03,C,MovingAverageForecaster,2467,2279
SKU_0020,2027-04,C,MovingAverageForecaster,2467,2279
SKU_0020,2027-05,C,MovingAverageForecaster,2467,2279
SKU_0020,2027-06,C,MovingAverageForecaster,2467,2279
SKU_0020,2027-07,C,MovingAverageForecaster,2467,2279
SKU_0020,2027-08,C,MovingAverageForecaster,2467,2279
SKU_0020,2027-09,C,MovingAverageForecaster,2467,2279
SKU_0020,2027-10,C,MovingAverageForecaster,2467,2279
SKU_0020,2027-11,C,MovingAverageForecaster,2467,2279
SKU_0020,2027-12,C,MovingAverageForecaster,2467,2279
SKU_0020,2028-01,C,MovingAverageForecaster,2467,2279
SKU_0020,2028-02,C,MovingAverageForecaster,2467,2279
SKU_0020,2028-03,C,MovingAverageForecaster,2467,2279
SKU_0020,2028-04,C,MovingAverageForecaster,2467,2279
SKU_0020,2028-05,C,MovingAverageForecaster,2467,2279
SKU_0020,2028-06,C,MovingAverageForecaster,2467,2279
SKU_0020,2028-07,C,MovingAverageForecaster,2467,2279
SKU_0020,2028-08,C,MovingAverageForecaster,2467,2279
SKU_0020,2028-09,C,MovingAverageForecaster,2467,2279
SKU_0020,2028-10,C,MovingAverageForecaster,2467,2279
SKU_0020,2028-11,C,MovingAverageForecaster,2467,2279
SKU_0020,2028-12,C,MovingAverageForecaster,2467,2279
SKU_0021,2026-01,A,HoltWintersForecaster,411,473
SKU_0021,2026-02,A,HoltWintersForecaster,404,473
SKU_0021,2026-03,A,HoltWintersForecaster,405,473
SKU_0021,2026-04,A,HoltWintersForecaster,487,473
SKU_0021,2026-05,A,HoltWintersForecaster,530,473
SKU_0021,2026-06,A,HoltWintersForecaster,638,473
SKU_0021,2026-07,A,HoltWintersForecaster,619,473
SKU_0021,2026-08,A,HoltWintersForecaster,662,473
SKU_0021,2026-09,A,HoltWintersForecaster,667,473
SKU_0021,2026-10,A,HoltWintersForecaster,563,473
SKU_0021,2026-11,A,HoltWintersForecaster,590,473
SKU_0021,2026-12,A,HoltWintersForecaster,436,473
SKU_0021,2027-01,A,HoltWintersForecaster,389,473
SKU_0021,2027-02,A,HoltWintersForecaster,382,473
SKU_0021,2027-03,A,HoltWintersForecaster,384,473
SKU_0021,2027-04,A,HoltWintersForecaster,465,473
SKU_0021,2027-05,A,HoltWintersForecaster,509,473
SKU_0021,2027-06,A,HoltWintersForecaster,616,473
SKU_0021,2027-07,A,HoltWintersForecaster,597,473
SKU_0021,2027-08,A,HoltWintersForecaster,640,473
SKU_0021,2027-09,A,HoltWintersForecaster,646,473
SKU_0021,2027-10,A,HoltWintersForecaster,542,473
SKU_0021,2027-11,A,HoltWintersForecaster,568,473
SKU_0021,2027-12,A,HoltWintersForecaster,414,473
SKU_0021,2028-01,A,HoltWintersForecaster,368,473
SKU_0021,2028-02,A,HoltWintersForecaster,360,473
SKU_0021,2028-03,A,HoltWintersForecaster,362,473
SKU_0021,2028-04,A,HoltWintersForecaster,443,473
SKU_0021,2028-05,A,HoltWintersForecaster,487,473
SKU_0021,2028-06,A,HoltWintersForecaster,594,473
SKU_0021,2028-07,A,HoltWintersForecaster,576,473
SKU_0021,2028-08,A,HoltWintersForecaster,619,473
SKU_0021,2028-09,A,HoltWintersForecaster,624,473
SKU_0021,2028-10,A,HoltWintersForecaster,520,473
SKU_0021,2028-11,A,HoltWintersForecaster,547,473
SKU_0021,2028-12,A,HoltWintersForecaster,392,473
SKU_0022,2026-01,B,SESForecaster,2970,2970
SKU_0022,2026-02,B,SESForecaster,2970,2970
SKU_0022,2026-03,B,SESForecaster,2970,2970
SKU_0022,2026-04,B,SESForecaster,2970,2970
SKU_0022,2026-05,B,SESForecaster,2970,2970
SKU_0022,2026-06,B,SESForecaster,2970,2970
SKU_0022,2026-07,B,SESForecaster,2970,2970
SKU_0022,2026-08,B,SESForecaster,2970,2970
SKU_0022,2026-09,B,SESForecaster,2970,2970
SKU_0022,2026-10,B,SESForecaster,2970,2970
SKU_0022,2026-11,B,SESForecaster,2970,2970
SKU_0022,2026-12,B,SESForecaster,2970,2970
SKU_0022,2027-01,B,SESForecaster,2970,2970
SKU_0022,2027-02,B,SESForecaster,2970,2970
SKU_0022,2027-03,B,SESForecaster,2970,2970
SKU_0022,2027-04,B,SESForecaster,2970,2970
SKU_0022,2027-05,B,SESForecaster,2970,2970
SKU_0022,2027-06,B,SESForecaster,2970,2970
SKU_0022,2027-07,B,SESForecaster,2970,2970
SKU_0022,2027-08,B,SESForecaster,2970,2970
SKU_0022,2027-09,B,SESForecaster,2970,2970
SKU_0022,2027-10,B,SESForecaster,2970,2970
SKU_0022,2027-11,B,SESForecaster,2970,2970
SKU_0022,2027-12,B,SESForecaster,2970,2970
SKU_0022,2028-01,B,SESForecaster,2970,2970
SKU_0022,2028-02,B,SESForecaster,2970,2970
SKU_0022,2028-03,B,SESForecaster,2970,2970
SKU_0022,2028-04,B,SESForecaster,2970,2970
SKU_0022,2028-05,B,SESForecaster,2970,2970
SKU_0022,2028-06,B,SESForecaster,2970,2970
SKU_0022,2028-07,B,SESForecaster,2970,2970
SKU_0022,2028-08,B,SESForecaster,2970,2970
SKU_0022,2028-09,B,SESForecaster,2970,2970
SKU_0022,2028-10,B,SESForecaster,2970,2970
SKU_0022,2028-11,B,SESForecaster,2970,2970
SKU_0022,2028-12,B,SESForecaster,2970,2970
SKU_0023,2026-01,C,MovingAverageForecaster,2971,1739
SKU_0023,2026-02,C,MovingAverageForecaster,2202,1739
SKU_0023,2026-03,C,MovingAverageForecaster,2304,1739
SKU_0023,2026-04,C,MovingAverageForecaster,2493,1739
SKU_0023,2026-05,C,MovingAverageForecaster,2333,1739
SKU_0023,2026-06,C,MovingAverageForecaster,2377,1739
SKU_0023,2026-07,C,MovingAverageForecaster,2401,1739
SKU_0023,2026-08,C,MovingAverageForecaster,2370,1739
SKU_0023,2026-09,C,MovingAverageForecaster,2382,1739
SKU_0023,2026-10,C,MovingAverageForecaster,2384,1739
SKU_0023,2026-11,C,MovingAverageForecaster,2379,1739
SKU_0023,2026-12,C,MovingAverageForecaster,2382,1739
SKU_0023,2027-01,C,MovingAverageForecaster,2382,1739
SKU_0023,2027-02,C,MovingAverageForecaster,2381,1739
SKU_0023,2027-03,C,MovingAverageForecaster,2382,1739
SKU_0023,2027-04,C,MovingAverageForecaster,2381,1739
SKU_0023,2027-05,C,MovingAverageForecaster,2381,1739
SKU_0023,2027-06,C,MovingAverageForecaster,2381,1739
SKU_0023,2027-07,C,MovingAverageForecaster,2381,1739
SKU_0023,2027-08,C,MovingAverageForecaster,2381,1739
SKU_0023,2027-09,C,MovingAverageForecaster,2381,1739
SKU_0023,2027-10,C,MovingAverageForecaster,2381,1739
SKU_0023,2027-11,C,MovingAverageForecaster,2381,1739
SKU_0023,2027-12,C,MovingAverageForecaster,2381,1739
SKU_0023,2028-01,C,MovingAverageForecaster,2381,1739
SKU_0023,2028-02,C,MovingAverageForecaster,2381,1739
SKU_0023,2028-03,C,MovingAverageForecaster,2381,1739
SKU_0023,2028-04,C,MovingAverageForecaster,2381,1739
SKU_0023,2028-05,C,MovingAverageForecaster,2381,1739
SKU_0023,2028-06,C,MovingAverageForecaster,2381,1739
SKU_0023,2028-07,C,MovingAverageForecaster,2381,1739
SKU_0023,2028-08,C,MovingAverageForecaster,2381,1739
SKU_0023,2028-09,C,MovingAverageForecaster,2381,1739
SKU_0023,2028-10,C,MovingAverageForecaster,2381,1739
SKU_0023,2028-11,C,MovingAverageForecaster,2381,1739
SKU_0023,2028-12,C,MovingAverageForecaster,2381,1739
SKU_0024,2026-01,A,HoltWintersForecaster,4,0
SKU_0024,2026-02,A,HoltWintersForecaster,5,0
SKU_0024,2026-03,A,HoltWintersForecaster,2,0
SKU_0024,2026-04,A,HoltWintersForecaster,2,0
SKU_0024,2026-05,A,HoltWintersForecaster,2,0
SKU_0024,2026-06,A,HoltWintersForecaster,5,0
SKU_0024,2026-07,A,HoltWintersForecaster,5,0
SKU_0024,2026-08,A,HoltWintersForecaster,8,0
SKU_0024,2026-09,A,HoltWintersForecaster,2,0
SKU_0024,2026-10,A,HoltWintersForecaster,6,0
SKU_0024,2026-11,A,HoltWintersForecaster,4,0
SKU_0024,2026-12,A,HoltWintersForecaster,2,0
SKU_0024,2027-01,A,HoltWintersForecaster,5,0
SKU_0024,2027-02,A,HoltWintersForecaster,6,0
SKU_0024,2027-03,A,HoltWintersForecaster,3,0
SKU_0024,2027-04,A,HoltWintersForecaster,3,0
SKU_0024,2027-05,A,HoltWintersForecaster,3,0
SKU_0024,2027-06,A,HoltWintersForecaster,6,0
SKU_0024,2027-07,A,HoltWintersForecaster,6,0
SKU_0024,2027-08,A,HoltWintersForecaster,9,0
SKU_0024,2027-09,A,HoltWintersForecaster,3,0
SKU_0024,2027-10,A,HoltWintersForecaster,7,0
SKU_0024,2027-11,A,HoltWintersForecaster,5,0
SKU_0024,2027-12,A,HoltWintersForecaster,3,0
SKU_0024,2028-01,A,HoltWintersForecaster,6,0
SKU_0024,2028-02,A,HoltWintersForecaster,7,0
SKU_0024,2028-03,A,HoltWintersForecaster,4,0
SKU_0024,2028-04,A,HoltWintersForecaster,4,0
SKU_0024,2028-05,A,HoltWintersForecaster,4,0
SKU_0024,2028-06,A,HoltWintersForecaster,7,0
SKU_0024,2028-07,A,HoltWintersForecaster,7,0
SKU_0024,2028-08,A,HoltWintersForecaster,10,0
SKU_0024,2028-09,A,HoltWintersForecaster,4,0
SKU_0024,2028-10,A,HoltWintersForecaster,8,0
SKU_0024,2028-11,A,HoltWintersForecaster,6,0
SKU_0024,2028-12,A,HoltWintersForecaster,4,0
SKU_0025,2026-01,B,SESForecaster,3298,3549
SKU_0025,2026-02,B,SESForecaster,3298,3549
SKU_0025,2026-03,B,SESForecaster,3298,3549
SKU_0025,2026-04,B,SESForecaster,3298,3549
SKU_0025,2026-05,B,SESForecaster,3298,3549
SKU_0025,2026-06,B,SESForecaster,3298,3549
SKU_0025,2026-07,B,SESForecaster,3298,3549
SKU_0025,2026-08,B,SESForecaster,3298,3549
SKU_0025,2026-09,B,SESForecaster,3298,3549
SKU_0025,2026-10,B,SESForecaster,3298,3549
SKU_0025,2026-11,B,SESForecaster,3298,3549
SKU_0025,2026-12,B,SESForecaster,3298,3549
SKU_0025,2027-01,B,SESForecaster,3298,3549
SKU_0025,2027-02,B,SESForecaster,3298,3549
SKU_0025,2027-03,B,SESForecaster,3298,3549
SKU_0025,2027-04,B,SESForecaster,3298,3549
SKU_0025,2027-05,B,SESForecaster,3298,3549
SKU_0025,2027-06,B,SESForecaster,3298,3549
SKU_0025,2027-07,B,SESForecaster,3298,3549
SKU_0025,2027-08,B,SESForecaster,3298,3549
SKU_0025,2027-09,B,SESForecaster,3298,3549
SKU_0025,2027-10,B,SESForecaster,3298,3549
SKU_0025,2027-11,B,SESForecaster,3298,3549
SKU_0025,2027-12,B,SESForecaster,3298,3549
SKU_0025,2028-01,B,SESForecaster,3298,3549
SKU_0025,2028-02,B,SESForecaster,3298,3549
SKU_0025,2028-03,B,SESForecaster,3298,3549
SKU_0025,2028-04,B,SESForecaster,3298,3549
SKU_0025,2028-05,B,SESForecaster,3298,3549
SKU_0025,2028-06,B,SESForecaster,3298,3549
SKU_0025,2028-07,B,SESForecaster,3298,3549
SKU_0025,2028-08,B,SESForecaster,3298,3549
SKU_0025,2028-09,B,SESForecaster,3298,3549
SKU_0025,2028-10,B,SESForecaster,3298,3549
SKU_0025,2028-11,B,SESForecaster,3298,3549
SKU_0025,2028-12,B,SESForecaster,3298,3549
SKU_0026,2026-01,C,MovingAverageForecaster,761,654
SKU_0026,2026-02,C,MovingAverageForecaster,741,654
SKU_0026,2026-03,C,MovingAverageForecaster,719,654
SKU_0026,2026-04,C,MovingAverageForecaster,740,654
SKU_0026,2026-05,C,MovingAverageForecaster,733,654
SKU_0026,2026-06,C,MovingAverageForecaster,731,654
SKU_0026,2026-07,C,MovingAverageForecaster,735,654
SKU_0026,2026-08,C,MovingAverageForecaster,733,654
SKU_0026,2026-09,C,MovingAverageForecaster,733,654
SKU_0026,2026-10,C,MovingAverageForecaster,733,654
SKU_0026,2026-11,C,MovingAverageForecaster,733,654
SKU_0026,2026-12,C,MovingAverageForecaster,733,654
SKU_0026,2027-01,C,MovingAverageForecaster,733,654
SKU_0026,2027-02,C,MovingAverageForecaster,733,654
SKU_0026,2027-03,C,MovingAverageForecaster,733,654
SKU_0026,2027-04,C,MovingAverageForecaster,733,654
SKU_0026,2027-05,C,MovingAverageForecaster,733,654
SKU_0026,2027-06,C,MovingAverageForecaster,733,654
SKU_0026,2027-07,C,MovingAverageForecaster,733,654
SKU_0026,2027-08,C,MovingAverageForecaster,733,654
SKU_0026,2027-09,C,MovingAverageForecaster,733,654
SKU_0026,2027-10,C,MovingAverageForecaster,733,654
SKU_0026,2027-11,C,MovingAverageForecaster,733,654
SKU_0026,2027-12,C,MovingAverageForecaster,733,654
SKU_0026,2028-01,C,MovingAverageForecaster,733,654
SKU_0026,2028-02,C,MovingAverageForecaster,733,654
SKU_0026,2028-03,C,MovingAverageForecaster,733,654
SKU_0026,2028-04,C,MovingAverageForecaster,733,654
SKU_0026,2028-05,C,MovingAverageForecaster,733,654
SKU_0026,2028-06,C,MovingAverageForecaster,733,654
SKU_0026,2028-07,C,MovingAverageForecaster,733,654
SKU_0026,2028-08,C,MovingAverageForecaster,733,654
SKU_0026,2028-09,C,MovingAverageForecaster,733,654
SKU_0026,2028-10,C,MovingAverageForecaster,733,654
SKU_0026,2028-11,C,MovingAverageForecaster,733,654
SKU_0026,2028-12,C,MovingAverageForecaster,733,654
SKU_0027,2026-01,A,HoltWintersForecaster,1778,1430
SKU_0027,2026-02,A,HoltWintersForecaster,1716,1430
SKU_0027,2026-03,A,HoltWintersForecaster,1849,1430
SKU_0027,2026-04,A,HoltWintersForecaster,2320,1430
SKU_0027,2026-05,A,HoltWintersForecaster,2114,1430
SKU_0027,2026-06,A,HoltWintersForecaster,2869,1430
SKU_0027,2026-07,A,HoltWintersForecaster,2731,1430
SKU_0027,2026-08,A,HoltWintersForecaster,2768,1430
SKU_0027,2026-09,A,HoltWintersForecaster,2624,1430
SKU_0027,2026-10,A,HoltWintersForecaster,2428,1430
SKU_0027,2026-11,A,HoltWintersForecaster,1995,1430
SKU_0027,2026-12,A,HoltWintersForecaster,1752,1430
SKU_0027,2027-01,A,HoltWintersForecaster,1910,1430
SKU_0027,2027-02,A,HoltWintersForecaster,1849,1430
SKU_0027,2027-03,A,HoltWintersForecaster,1981,1430
SKU_0027,2027-04,A,HoltWintersForecaster,2452,1430
SKU_0027,2027-05,A,HoltWintersForecaster,2246,1430
SKU_0027,2027-06,A,HoltWintersForecaster,3001,1430
SKU_0027,2027-07,A,HoltWintersForecaster,2863,1430
SKU_0027,2027-08,A,HoltWintersForecaster,2900,1430
SKU_0027,2027-09,A,HoltWintersForecaster,2756,1430
SKU_0027,2027-10,A,HoltWintersForecaster,2560,1430
SKU_0027,2027-11,A,HoltWintersForecaster,2127,1430
SKU_0027,2027-12,A,HoltWintersForecaster,1884,1430
SKU_0027,2028-01,A,HoltWintersForecaster,2042,1430
SKU_0027,2028-02,A,HoltWintersForecaster,1981,1430
SKU_0027,2028-03,A,HoltWintersForecaster,2113,1430
SKU_0027,2028-04,A,HoltWintersForecaster,2584,1430
SKU_0027,2028-05,A,HoltWintersForecaster,2378,1430
SKU_0027,2028-06,A,HoltWintersForecaster,3133,1430
SKU_0027,2028-07,A,HoltWintersForecaster,2995,1430
SKU_0027,2028-08,A,HoltWintersForecaster,3032,1430
SKU_0027,2028-09,A,HoltWintersForecaster,2888,1430
SKU_0027,2028-10,A,HoltWintersForecaster,2692,1430
SKU_0027,2028-11,A,HoltWintersForecaster,2259,1430
SKU_0027,2028-12,A,HoltWintersForecaster,2016,1430
SKU_0028,2026-01,B,SESForecaster,176,154
SKU_0028,2026-02,B,SESForecaster,176,154
SKU_0028,2026-03,B,SESForecaster,176,154
SKU_0028,2026-04,B,SESForecaster,176,154
SKU_0028,2026-05,B,SESForecaster,176,154
SKU_0028,2026-06,B,SESForecaster,176,154
SKU_0028,2026-07,B,SESForecaster,176,154
SKU_0028,2026-08,B,SESForecaster,176,154
SKU_0028,2026-09,B,SESForecaster,176,154
SKU_0028,2026-10,B,SESForecaster,176,154
SKU_0028,2026-11,B,SESForecaster,176,154
SKU_0028,2026-12,B,SESForecaster,176,154
SKU_0028,2027-01,B,SESForecaster,176,154
SKU_0028,2027-02,B,SESForecaster,176,154
SKU_0028,2027-03,B,SESForecaster,176,154
SKU_0028,2027-04,B,SESForecaster,176,154
SKU_0028,2027-05,B,SESForecaster,176,154
SKU_0028,2027-06,B,SESForecaster,176,154
SKU_0028,2027-07,B,SESForecaster,176,154
SKU_0028,2027-08,B,SESForecaster,176,154
SKU_0028,2027-09,B,SESForecaster,176,154
SKU_0028,2027-10,B,SESForecaster,176,154
SKU_0028,2027-11,B,SESForecaster,176,154
SKU_0028,2027-12,B,SESForecaster,176,154
SKU_0028,2028-01,B,SESForecaster,176,154
SKU_0028,2028-02,B,SESForecaster,176,154
SKU_0028,2028-03,B,SESForecaster,176,154
SKU_0028,2028-04,B,SESForecaster,176,154
SKU_0028,2028-05,B,SESForecaster,176,154
SKU_0028,2028-06,B,SESForecaster,176,154
SKU_0028,2028-07,B,SESForecaster,176,154
SKU_0028,2028-08,B,SESForecaster,176,154
SKU_0028,2028-09,B,SESForecaster,176,154
SKU_0028,2028-10,B,SESForecaster,176,154
SKU_0028,2028-11,B,SESForecaster,176,154
SKU_0028,2028-12,B,SESForecaster,176,154
SKU_0029,2026-01,C,MovingAverageForecaster,703,770
SKU_0029,2026-02,C,MovingAverageForecaster,726,770
SKU_0029,2026-03,C,MovingAverageForecaster,733,770
SKU_0029,2026-04,C,MovingAverageForecaster,721,770
SKU_0029,2026-05,C,MovingAverageForecaster,727,770
SKU_0029,2026-06,C,MovingAverageForecaster,727,770
SKU_0029,2026-07,C,MovingAverageForecaster,725,770
SKU_0029,2026-08,C,MovingAverageForecaster,726,770
SKU_0029,2026-09,C,MovingAverageForecaster,726,770
SKU_0029,2026-10,C,MovingAverageForecaster,726,770
SKU_0029,2026-11,C,MovingAverageForecaster,726,770
SKU_0029,2026-12,C,MovingAverageForecaster,726,770
SKU_0029,2027-01,C,MovingAverageForecaster,726,770
SKU_0029,2027-02,C,MovingAverageForecaster,726,770
SKU_0029,2027-03,C,MovingAverageForecaster,726,770
SKU_0029,2027-04,C,MovingAverageForecaster,726,770
SKU_0029,2027-05,C,MovingAverageForecaster,726,770
SKU_0029,2027-06,C,MovingAverageForecaster,726,770
SKU_0029,2027-07,C,MovingAverageForecaster,726,770
SKU_0029,2027-08,C,MovingAverageForecaster,726,770
SKU_0029,2027-09,C,MovingAverageForecaster,726,770
SKU_0029,2027-10,C,MovingAverageForecaster,726,770
SKU_0029,2027-11,C,MovingAverageForecaster,726,770
SKU_0029,2027-12,C,MovingAverageForecaster,726,770
SKU_0029,2028-01,C,MovingAverageForecaster,726,770
SKU_0029,2028-02,C,MovingAverageForecaster,726,770
SKU_0029,2028-03,C,MovingAverageForecaster,726,770
SKU_0029,2028-04,C,MovingAverageForecaster,726,770
SKU_0029,2028-05,C,MovingAverageForecaster,726,770
SKU_0029,2028-06,C,MovingAverageForecaster,726,770
SKU_0029,2028-07,C,MovingAverageForecaster,726,770
SKU_0029,2028-08,C,MovingAverageForecaster,726,770
SKU_0029,2028-09,C,MovingAverageForecaster,726,770
SKU_0029,2028-10,C,MovingAverageForecaster,726,770
SKU_0029,2028-11,C,MovingAverageForecaster,726,770
SKU_0029,2028-12,C,MovingAverageForecaster,726,770
SKU_0030,2026-01,A,HoltWintersForecaster,680,734
SKU_0030,2026-02,A,HoltWintersForecaster,612,734
SKU_0030,2026-03,A,HoltWintersForecaster,604,734
SKU_0030,2026-04,A,HoltWintersForecaster,774,734
SKU_0030,2026-05,A,HoltWintersForecaster,902,734
SKU_0030,2026-06,A,HoltWintersForecaster,888,734
SKU_0030,2026-07,A,HoltWintersForecaster,893,734
SKU_0030,2026-08,A,HoltWintersForecaster,966,734
SKU_0030,2026-09,A,HoltWintersForecaster,1024,734
SKU_0030,2026-10,A,HoltWintersForecaster,918,734
SKU_0030,2026-11,A,HoltWintersForecaster,873,734
SKU_0030,2026-12,A,HoltWintersForecaster,815,734
SKU_0030,2027-01,A,HoltWintersForecaster,806,734
SKU_0030,2027-02,A,HoltWintersForecaster,737,734
SKU_0030,2027-03,A,HoltWintersForecaster,729,734
SKU_0030,2027-04,A,HoltWintersForecaster,899,734
SKU_0030,2027-05,A,HoltWintersForecaster,1028,734
SKU_0030,2027-06,A,HoltWintersForecaster,1013,734
SKU_0030,2027-07,A,HoltWintersForecaster,1018,734
SKU_0030,2027-08,A,HoltWintersForecaster,1091,734
SKU_0030,2027-09,A,HoltWintersForecaster,1149,734
SKU_0030,2027-10,A,HoltWintersForecaster,1043,734
SKU_0030,2027-11,A,HoltWintersForecaster,998,734
SKU_0030,2027-12,A,HoltWintersForecaster,940,734
SKU_0030,2028-01,A,HoltWintersForecaster,931,734
SKU_0030,2028-02,A,HoltWintersForecaster,862,734
SKU_0030,2028-03,A,HoltWintersForecaster,854,734
SKU_0030,2028-04,A,HoltWintersForecaster,1024,734
SKU_0030,2028-05,A,HoltWintersForecaster,1153,734
SKU_0030,2028-06,A,HoltWintersForecaster,1138,734
SKU_0030,2028-07,A,HoltWintersForecaster,1144,734
SKU_0030,2028-08,A,HoltWintersForecaster,1217,734
SKU_0030,2028-09,A,HoltWintersForecaster,1274,734
SKU_0030,2028-10,A,HoltWintersForecaster,1168,734
SKU_0030,2028-11,A,HoltWintersForecaster,1123,734
SKU_0030,2028-12,A,HoltWintersForecaster,1065,734
SKU_0031,2026-01,B,SESForecaster,0,0
SKU_0031,2026-02,B,SESForecaster,0,0
SKU_0031,2026-03,B,SESForecaster,0,0
SKU_0031,2026-04,B,SESForecaster,0,0
SKU_0031,2026-05,B,SESForecaster,0,0
SKU_0031,2026-06,B,SESForecaster,0,0
SKU_0031,2026-07,B,SESForecaster,0,0
SKU_0031,2026-08,B,SESForecaster,0,0
SKU_0031,2026-09,B,SESForecaster,0,0
SKU_0031,2026-10,B,SESForecaster,0,0
SKU_0031,2026-11,B,SESForecaster,0,0
SKU_0031,2026-12,B,SESForecaster,0,0
SKU_0031,2027-01,B,SESForecaster,0,0
SKU_0031,2027-02,B,SESForecaster,0,0
SKU_0031,2027-03,B,SESForecaster,0,0
SKU_0031,2027-04,B,SESForecaster,0,0
SKU_0031,2027-05,B,SESForecaster,0,0
SKU_0031,2027-06,B,SESForecaster,0,0
SKU_0031,2027-07,B,SESForecaster,0,0
SKU_0031,2027-08,B,SESForecaster,0,0
SKU_0031,2027-09,B,SESForecaster,0,0
SKU_0031,2027-10,B,SESForecaster,0,0
SKU_0031,2027-11,B,SESForecaster,0,0
SKU_0031,2027-12,B,SESForecaster,0,0
SKU_0031,2028-01,B,SESForecaster,0,0
SKU_0031,2028-02,B,SESForecaster,0,0
SKU_0031,2028-03,B,SESForecaster,0,0
SKU_0031,2028-04,B,SESForecaster,0,0
SKU_0031,2028-05,B,SESForecaster,0,0
SKU_0031,2028-06,B,SESForecaster,0,0
SKU_0031,2028-07,B,SESForecaster,0,0
SKU_0031,2028-08,B,SESForecaster,0,0
SKU_0031,2028-09,B,SESForecaster,0,0
SKU_0031,2028-10,B,SESForecaster,0,0
SKU_0031,2028-11,B,SESForecaster,0,0
SKU_0031,2028-12,B,SESForecaster,0,0
SKU_0032,2026-01,C,MovingAverageForecaster,1879,1895
SKU_0032,2026-02,C,MovingAverageForecaster,1893,1895
SKU_0032,2026-03,C,MovingAverageForecaster,1889,1895
SKU_0032,2026-04,C,MovingAverageForecaster,1887,1895
SKU_0032,2026-05,C,MovingAverageForecaster,1890,1895
SKU_0032,2026-06,C,MovingAverageForecaster,1889,1895
SKU_0032,2026-07,C,MovingAverageForecaster,1888,1895
SKU_0032,2026-08,C,MovingAverageForecaster,1889,1895
SKU_0032,2026-09,C,MovingAverageForecaster,1889,1895
SKU_0032,2026-10,C,MovingAverageForecaster,1889,1895
SKU_0032,2026-11,C,MovingAverageForecaster,1889,1895
SKU_0032,2026-12,C,MovingAverageForecaster,1889,1895
SKU_0032,2027-01,C,MovingAverageForecaster,1889,1895
SKU_0032,2027-02,C,MovingAverageForecaster,1889,1895
SKU_0032,2027-03,C,MovingAverageForecaster,1889,1895
SKU_0032,2027-04,C,MovingAverageForecaster,1889,1895
SKU_0032,2027-05,C,MovingAverageForecaster,1889,1895
SKU_0032,2027-06,C,MovingAverageForecaster,1889,1895
SKU_0032,2027-07,C,MovingAverageForecaster,1889,1895
SKU_0032,2027-08,C,MovingAverageForecaster,1889,1895
SKU_0032,2027-09,C,MovingAverageForecaster,1889,1895
SKU_0032,2027-10,C,MovingAverageForecaster,1889,1895
SKU_0032,2027-11,C,MovingAverageForecaster,1889,1895
SKU_0032,2027-12,C,MovingAverageForecaster,1889,1895
SKU_0032,2028-01,C,MovingAverageForecaster,1889,1895
SKU_0032,2028-02,C,MovingAverageForecaster,1889,1895
SKU_0032,2028-03,C,MovingAverageForecaster,1889,1895
SKU_0032,2028-04,C,MovingAverageForecaster,1889,1895
SKU_0032,2028-05,C,MovingAverageForecaster,1889,1895
SKU_0032,2028-06,C,MovingAverageForecaster,1889,1895
SKU_0032,2028-07,C,MovingAverageForecaster,1889,1895
SKU_0032,2028-08,C,MovingAverageForecaster,1889,1895
SKU_0032,2028-09,C,MovingAverageForecaster,1889,1895
SKU_0032,2028-10,C,MovingAverageForecaster,1889,1895
SKU_0032,2028-11,C,MovingAverageForecaster,1889,1895
SKU_0032,2028-12,C,MovingAverageForecaster,1889,1895
SKU_0033,2026-01,A,HoltWintersForecaster,0,5
SKU_0033,2026-02,A,HoltWintersForecaster,0,5
SKU_0033,2026-03,A,HoltWintersForecaster,0,5
SKU_0033,2026-04,A,HoltWintersForecaster,0,5
SKU_0033,2026-05,A,HoltWintersForecaster,0,5
SKU_0033,2026-06,A,HoltWintersForecaster,0,5
SKU_0033,2026-07,A,HoltWintersForecaster,0,5
SKU_0033,2026-08,A,HoltWintersForecaster,0,5
SKU_0033,2026-09,A,HoltWintersForecaster,0,5
SKU_0033,2026-10,A,HoltWintersForecaster,0,5
SKU_0033,2026-11,A,HoltWintersForecaster,0,5
SKU_0033,2026-12,A,HoltWintersForecaster,0,5
SKU_0033,2027-01,A,HoltWintersForecaster,0,5
SKU_0033,2027-02,A,HoltWintersForecaster,0,5
SKU_0033,2027-03,A,HoltWintersForecaster,0,5
SKU_0033,2027-04,A,HoltWintersForecaster,0,5
SKU_0033,2027-05,A,HoltWintersForecaster,0,5
SKU_0033,2027-06,A,HoltWintersForecaster,0,5
SKU_0033,2027-07,A,HoltWintersForecaster,0,5
SKU_0033,2027-08,A,HoltWintersForecaster,0,5
SKU_0033,2027-09,A,HoltWintersForecaster,0,5
SKU_0033,2027-10,A,HoltWintersForecaster,0,5
SKU_0033,2027-11,A,HoltWintersForecaster,0,5
SKU_0033,2027-12,A,HoltWintersForecaster,0,5
SKU_0033,2028-01,A,HoltWintersForecaster,0,5
SKU_0033,2028-02,A,HoltWintersForecaster,0,5
SKU_0033,2028-03,A,HoltWintersForecaster,0,5
SKU_0033,2028-04,A,HoltWintersForecaster,0,5
SKU_0033,2028-05,A,HoltWintersForecaster,0,5
SKU_0033,2028-06,A,HoltWintersForecaster,0,5
SKU_0033,2028-07,A,HoltWintersForecaster,0,5
SKU_0033,2028-08,A,HoltWintersForecaster,0,5
SKU_0033,2028-09,A,HoltWintersForecaster,0,5
SKU_0033,2028-10,A,HoltWintersForecaster,0,5
SKU_0033,2028-11,A,HoltWintersForecaster,0,5
SKU_0033,2028-12,A,HoltWintersForecaster,0,5
SKU_0034,2026-01,B,SESForecaster,1365,1365
SKU_0034,2026-02,B,SESForecaster,1365,1365
SKU_0034,2026-03,B,SESForecaster,1365,1365
SKU_0034,2026-04,B,SESForecaster,1365,1365
SKU_0034,2026-05,B,SESForecaster,1365,1365
SKU_0034,2026-06,B,SESForecaster,1365,1365
SKU_0034,2026-07,B,SESForecaster,1365,1365
SKU_0034,2026-08,B,SESForecaster,1365,1365
SKU_0034,2026-09,B,SESForecaster,1365,1365
SKU_0034,2026-10,B,SESForecaster,1365,1365
SKU_0034,2026-11,B,SESForecaster,1365,1365
SKU_0034,2026-12,B,SESForecaster,1365,1365
SKU_0034,2027-01,B,SESForecaster,1365,1365
SKU_0034,2027-02,B,SESForecaster,1365,1365
SKU_0034,2027-03,B,SESForecaster,1365,1365
SKU_0034,2027-04,B,SESForecaster,1365,1365
SKU_0034,2027-05,B,SESForecaster,1365,1365
SKU_0034,2027-06,B,SESForecaster,1365,1365
SKU_0034,2027-07,B,SESForecaster,1365,1365
SKU_0034,2027-08,B,SESForecaster,1365,1365
SKU_0034,2027-09,B,SESForecaster,1365,1365
SKU_0034,2027-10,B,SESForecaster,1365,1365
SKU_0034,2027-11,B,SESForecaster,1365,1365
SKU_0034,2027-12,B,SESForecaster,1365,1365
SKU_0034,2028-01,B,SESForecaster,1365,1365
SKU_0034,2028-02,B,SESForecaster,1365,1365
SKU_0034,2028-03,B,SESForecaster,1365,1365
SKU_0034,2028-04,B,SESForecaster,1365,1365
SKU_0034,2028-05,B,SESForecaster,1365,1365
SKU_0034,2028-06,B,SESForecaster,1365,1365
SKU_0034,2028-07,B,SESForecaster,1365,1365
SKU_0034,2028-08,B,SESForecaster,1365,1365
SKU_0034,2028-09,B,SESForecaster,1365,1365
SKU_0034,2028-10,B,SESForecaster,1365,1365
SKU_0034,2028-11,B,SESForecaster,1365,1365
SKU_0034,2028-12,B,SESForecaster,1365,1365
SKU_0035,2026-01,C,MovingAverageForecaster,363,318
SKU_0035,2026-02,C,MovingAverageForecaster,365,318
SKU_0035,2026-03,C,MovingAverageForecaster,349,318
SKU_0035,2026-04,C,MovingAverageForecaster,359,318
SKU_0035,2026-05,C,MovingAverageForecaster,357,318
SKU_0035,2026-06,C,MovingAverageForecaster,355,318
SKU_0035,2026-07,C,MovingAverageForecaster,357,318
SKU_0035,2026-08,C,MovingAverageForecaster,356,318
SKU_0035,2026-09,C,MovingAverageForecaster,356,318
SKU_0035,2026-10,C,MovingAverageForecaster,356,318
SKU_0035,2026-11,C,MovingAverageForecaster,356,318
SKU_0035,2026-12,C,MovingAverageForecaster,356,318
SKU_0035,2027-01,C,MovingAverageForecaster,356,318
SKU_0035,2027-02,C,MovingAverageForecaster,356,318
SKU_0035,2027-03,C,MovingAverageForecaster,356,318
SKU_0035,2027-04,C,MovingAverageForecaster,356,318
SKU_0035,2027-05,C,MovingAverageForecaster,356,318
SKU_0035,2027-06,C,MovingAverageForecaster,356,318
SKU_0035,2027-07,C,MovingAverageForecaster,356,318
SKU_0035,2027-08,C,MovingAverageForecaster,356,318
SKU_0035,2027-09,C,MovingAverageForecaster,356,318
SKU_0035,2027-10,C,MovingAverageForecaster,356,318
SKU_0035,2027-11,C,MovingAverageForecaster,356,318
SKU_0035,2027-12,C,MovingAverageForecaster,356,318
SKU_0035,2028-01,C,MovingAverageForecaster,356,318
SKU_0035,2028-02,C,MovingAverageForecaster,356,318
SKU_0035,2028-03,C,MovingAverageForecaster,356,318
SKU_0035,2028-04,C,MovingAverageForecaster,356,318
SKU_0035,2028-05,C,MovingAverageForecaster,356,318
SKU_0035,2028-06,C,MovingAverageForecaster,356,318
SKU_0035,2028-07,C,MovingAverageForecaster,356,318
SKU_0035,2028-08,C,MovingAverageForecaster,356,318
SKU_0035,2028-09,C,MovingAverageForecaster,356,318
SKU_0035,2028-10,C,MovingAverageForecaster,356,318
SKU_0035,2028-11,C,MovingAverageForecaster,356,318
SKU_0035,2028-12,C,MovingAverageForecaster,356,318
SKU_0036,2026-01,A,HoltWintersForecaster,338,304
SKU_0036,2026-02,A,HoltWintersForecaster,483,304
SKU_0036,2026-03,A,HoltWintersForecaster,427,304
SKU_0036,2026-04,A,HoltWintersForecaster,466,304
SKU_0036,2026-05,A,HoltWintersForecaster,504,304
SKU_0036,2026-06,A,HoltWintersForecaster,477,304
SKU_0036,2026-07,A,HoltWintersForecaster,402,304
SKU_0036,2026-08,A,HoltWintersForecaster,360,304
SKU_0036,2026-09,A,HoltWintersForecaster,328,304
SKU_0036,2026-10,A,HoltWintersForecaster,264,304
SKU_0036,2026-11,A,HoltWintersForecaster,218,304
SKU_0036,2026-12,A,HoltWintersForecaster,231,304
SKU_0036,2027-01,A,HoltWintersForecaster,267,304
SKU_0036,2027-02,A,HoltWintersForecaster,412,304
SKU_0036,2027-03,A,HoltWintersForecaster,356,304
SKU_0036,2027-04,A,HoltWintersForecaster,395,304
SKU_0036,2027-05,A,HoltWintersForecaster,433,304
SKU_0036,2027-06,A,HoltWintersForecaster,407,304
SKU_0036,2027-07,A,HoltWintersForecaster,332,304
SKU_0036,2027-08,A,HoltWintersForecaster,290,304
SKU_0036,2027-09,A,HoltWintersForecaster,257,304
SKU_0036,2027-10,A,HoltWintersForecaster,193,304
SKU_0036,2027-11,A,HoltWintersForecaster,148,304
SKU_0036,2027-12,A,HoltWintersForecaster,161,304
SKU_0036,2028-01,A,HoltWintersForecaster,197,304
SKU_0036,2028-02,A,HoltWintersForecaster,342,304
SKU_0036,2028-03,A,HoltWintersForecaster,286,304
SKU_0036,2028-04,A,HoltWintersForecaster,325,304
SKU_0036,2028-05,A,HoltWintersForecaster,362,304
SKU_0036,2028-06,A,HoltWintersForecaster,336,304
SKU_0036,2028-07,A,HoltWintersForecaster,261,304
SKU_0036,2028-08,A,HoltWintersForecaster,219,304
SKU_0036,2028-09,A,HoltWintersForecaster,187,304
SKU_0036,2028-10,A,HoltWintersForecaster,123,304
SKU_0036,2028-11,A,HoltWintersForecaster,77,304
SKU_0036,2028-12,A,HoltWintersForecaster,90,304
SKU_0037,2026-01,B,SESForecaster,321,379
SKU_0037,2026-02,B,SESForecaster,321,379
SKU_0037,2026-03,B,SESForecaster,321,379
SKU_0037,2026-04,B,SESForecaster,321,379
SKU_0037,2026-05,B,SESForecaster,321,379
SKU_0037,2026-06,B,SESForecaster,321,379
SKU_0037,2026-07,B,SESForecaster,321,379
SKU_0037,2026-08,B,SESForecaster,321,379
SKU_0037,2026-09,B,SESForecaster,321,379
SKU_0037,2026-10,B,SESForecaster,321,379
SKU_0037,2026-11,B,SESForecaster,321,379
SKU_0037,2026-12,B,SESForecaster,321,379
SKU_0037,2027-01,B,SESForecaster,321,379
SKU_0037,2027-02,B,SESForecaster,321,379
SKU_0037,2027-03,B,SESForecaster,321,379
SKU_0037,2027-04,B,SESForecaster,321,379
SKU_0037,2027-05,B,SESForecaster,321,379
SKU_0037,2027-06,B,SESForecaster,321,379
SKU_0037,2027-07,B,SESForecaster,321,379
SKU_0037,2027-08,B,SESForecaster,321,379
SKU_0037,2027-09,B,SESForecaster,321,379
SKU_0037,2027-10,B,SESForecaster,321,379
SKU_0037,2027-11,B,SESForecaster,321,379
SKU_0037,2027-12,B,SESForecaster,321,379
SKU_0037,2028-01,B,SESForecaster,321,379
SKU_0037,2028-02,B,SESForecaster,321,379
SKU_0037,2028-03,B,SESForecaster,321,379
SKU_0037,2028-04,B,SESForecaster,321,379
SKU_0037,2028-05,B,SESForecaster,321,379
SKU_0037,2028-06,B,SESForecaster,321,379
SKU_0037,2028-07,B,SESForecaster,321,379
SKU_0037,2028-08,B,SESForecaster,321,379
SKU_0037,2028-09,B,SESForecaster,321,379
SKU_0037,2028-10,B,SESForecaster,321,379
SKU_0037,2028-11,B,SESForecaster,321,379
SKU_0037,2028-12,B,SESForecaster,321,379
SKU_0038,2026-01,C,MovingAverageForecaster,1,1
SKU_0038,2026-02,C,MovingAverageForecaster,1,1
SKU_0038,2026-03,C,MovingAverageForecaster,1,1
SKU_0038,2026-04,C,MovingAverageForecaster,1,1
SKU_0038,2026-05,C,MovingAverageForecaster,1,1
SKU_0038,2026-06,C,MovingAverageForecaster,1,1
SKU_0038,2026-07,C,MovingAverageForecaster,1,1
SKU_0038,2026-08,C,MovingAverageForecaster,1,1
SKU_0038,2026-09,C,MovingAverageForecaster,1,1
SKU_0038,2026-10,C,MovingAverageForecaster,1,1
SKU_0038,2026-11,C,MovingAverageForecaster,1,1
SKU_0038,2026-12,C,MovingAverageForecaster,1,1
SKU_0038,2027-01,C,MovingAverageForecaster,1,1
SKU_0038,2027-02,C,MovingAverageForecaster,1,1
SKU_0038,2027-03,C,MovingAverageForecaster,1,1
SKU_0038,2027-04,C,MovingAverageForecaster,1,1
SKU_0038,2027-05,C,MovingAverageForecaster,1,1
SKU_0038,2027-06,C,MovingAverageForecaster,1,1
SKU_0038,2027-07,C,MovingAverageForecaster,1,1
SKU_0038,2027-08,C,MovingAverageForecaster,1,1
SKU_0038,2027-09,C,MovingAverageForecaster,1,1
SKU_0038,2027-10,C,MovingAverageForecaster,1,1
SKU_0038,2027-11,C,MovingAverageForecaster,1,1
SKU_0038,2027-12,C,MovingAverageForecaster,1,1
SKU_0038,2028-01,C,MovingAverageForecaster,1,1
SKU_0038,2028-02,C,MovingAverageForecaster,1,1
SKU_0038,2028-03,C,MovingAverageForecaster,1,1
SKU_0038,2028-04,C,MovingAverageForecaster,1,1
SKU_0038,2028-05,C,MovingAverageForecaster,1,1
SKU_0038,2028-06,C,MovingAverageForecaster,1,1
SKU_0038,2028-07,C,MovingAverageForecaster,1,1
SKU_0038,2028-08,C,MovingAverageForecaster,1,1
SKU_0038,2028-09,C,MovingAverageForecaster,1,1
SKU_0038,2028-10,C,MovingAverageForecaster,1,1
SKU_0038,2028-11,C,MovingAverageForecaster,1,1
SKU_0038,2028-12,C,MovingAverageForecaster,1,1
SKU_0039,2026-01,A,HoltWintersForecaster,1576,1643
SKU_0039,2026-02,A,HoltWintersForecaster,1486,1643
SKU_0039,2026-03,A,HoltWintersForecaster,1299,1643
SKU_0039,2026-04,A,HoltWintersForecaster,1484,1643
SKU_0039,2026-05,A,HoltWintersForecaster,1624,1643
SKU_0039,2026-06,A,HoltWintersForecaster,1702,1643
SKU_0039,2026-07,A,HoltWintersForecaster,1894,1643
SKU_0039,2026-08,A,HoltWintersForecaster,2117,1643
SKU_0039,2026-09,A,HoltWintersForecaster,1871,1643
SKU_0039,2026-10,A,HoltWintersForecaster,2191,1643
SKU_0039,2026-11,A,HoltWintersForecaster,1791,1643
SKU_0039,2026-12,A,HoltWintersForecaster,1782,1643
SKU_0039,2027-01,A,HoltWintersForecaster,1691,1643
SKU_0039,2027-02,A,HoltWintersForecaster,1602,1643
SKU_0039,2027-03,A,HoltWintersForecaster,1415,1643
SKU_0039,2027-04,A,HoltWintersForecaster,1599,1643
SKU_0039,2027-05,A,HoltWintersForecaster,1739,1643
SKU_0039,2027-06,A,HoltWintersForecaster,1818,1643
SKU_0039,2027-07,A,HoltWintersForecaster,2009,1643
SKU_0039,2027-08,A,HoltWintersForecaster,2233,1643
SKU_0039,2027-09,A,HoltWintersForecaster,1987,1643
SKU_0039,2027-10,A,HoltWintersForecaster,2307,1643
SKU_0039,2027-11,A,HoltWintersForecaster,1906,1643
SKU_0039,2027-12,A,HoltWintersForecaster,1898,1643
SKU_0039,2028-01,A,HoltWintersForecaster,1806,1643
SKU_0039,2028-02,A,HoltWintersForecaster,1717,1643
SKU_0039,2028-03,A,HoltWintersForecaster,1530,1643
SKU_0039,2028-04,A,HoltWintersForecaster,1715,1643
SKU_0039,2028-05,A,HoltWintersForecaster,1855,1643
SKU_0039,2028-06,A,HoltWintersForecaster,1933,1643
SKU_0039,2028-07,A,HoltWintersForecaster,2124,1643
SKU_0039,2028-08,A,HoltWintersForecaster,2348,1643
SKU_0039,2028-09,A,HoltWintersForecaster,2102,1643
SKU_0039,2028-10,A,HoltWintersForecaster,2422,1643
SKU_0039,2028-11,A,HoltWintersForecaster,2021,1643
SKU_0039,2028-12,A,HoltWintersForecaster,2013,1643
SKU_0040,2026-01,B,SESForecaster,9,0
SKU_0040,2026-02,B,SESForecaster,9,0
SKU_0040,2026-03,B,SESForecaster,9,0
SKU_0040,2026-04,B,SESForecaster,9,0
SKU_0040,2026-05,B,SESForecaster,9,0
SKU_0040,2026-06,B,SESForecaster,9,0
SKU_0040,2026-07,B,SESForecaster,9,0
SKU_0040,2026-08,B,SESForecaster,9,0
SKU_0040,2026-09,B,SESForecaster,9,0
SKU_0040,2026-10,B,SESForecaster,9,0
SKU_0040,2026-11,B,SESForecaster,9,0
SKU_0040,2026-12,B,SESForecaster,9,0
SKU_0040,2027-01,B,SESForecaster,9,0
SKU_0040,2027-02,B,SESForecaster,9,0
SKU_0040,2027-03,B,SESForecaster,9,0
SKU_0040,2027-04,B,SESForecaster,9,0
SKU_0040,2027-05,B,SESForecaster,9,0
SKU_0040,2027-06,B,SESForecaster,9,0
SKU_0040,2027-07,B,SESForecaster,9,0
SKU_0040,2027-08,B,SESForecaster,9,0
SKU_0040,2027-09,B,SESForecaster,9,0
SKU_0040,2027-10,B,SESForecaster,9,0
SKU_0040,2027-11,B,SESForecaster,9,0
SKU_0040,2027-12,B,SESForecaster,9,0
SKU_0040,2028-01,B,SESForecaster,9,0
SKU_0040,2028-02,B,SESForecaster,9,0
SKU_0040,2028-03,B,SESForecaster,9,0
SKU_0040,2028-04,B,SESForecaster,9,0
SKU_0040,2028-05,B,SESForecaster,9,0
SKU_0040,2028-06,B,SESForecaster,9,0
SKU_0040,2028-07,B,SESForecaster,9,0
SKU_0040,2028-08,B,SESForecaster,9,0
SKU_0040,2028-09,B,SESForecaster,9,0
SKU_0040,2028-10,B,SESForecaster,9,0
SKU_0040,2028-11,B,SESForecaster,9,0
SKU_0040,2028-12,B,SESForecaster,9,0
