sku,location,period,qty,stock_end_qty,days_out_of_stock,promo_type,discount_pct,category,abc_class,launch_period,predecessor_sku,uom
SKU_0001,MSK,2023-01,243,174,0,,,SNACK,B,2023-01,,PCS
SKU_0001,MSK,2023-02,179,150,0,,,SNACK,B,2023-01,,PCS
SKU_0001,MSK,2023-03,168,193,0,,,SNACK,B,2023-01,,PCS
SKU_0001,MSK,2023-04,204,232,0,,,SNACK,B,2023-01,,PCS
SKU_0001,MSK,2023-05,153,199,0,,,SNACK,B,2023-01,,PCS
SKU_0001,MSK,2023-06,226,126,0,,,SNACK,B,2023-01,,PCS
SKU_0001,MSK,2023-07,283,503,0,,,SNACK,B,2023-01,,PCS
SKU_0001,MSK,2023-08,290,153,0,,,SNACK,B,2023-01,,PCS
SKU_0001,MSK,2023-09,268,141,0,,,SNACK,B,2023-01,,PCS
SKU_0001,MSK,2023-10,330,135,0,,,SNACK,B,2023-01,,PCS
SKU_0001,MSK,2023-11,1172,2056,0,TPR,25.0,SNACK,B,2023-01,,PCS
SKU_0001,MSK,2023-12,334,575,0,,,SNACK,B,2023-01,,PCS
SKU_0001,MSK,2024-01,281,499,0,,,SNACK,B,2023-01,,PCS
SKU_0001,MSK,2024-02,282,231,0,,,SNACK,B,2023-01,,PCS
SKU_0001,MSK,2024-03,241,292,0,,,SNACK,B,2023-01,,PCS
SKU_0001,MSK,2024-04,185,265,0,,,SNACK,B,2023-01,,PCS
SKU_0001,MSK,2024-05,230,130,0,,,SNACK,B,2023-01,,PCS
SKU_0001,MSK,2024-06,256,414,0,,,SNACK,B,2023-01,,PCS
SKU_0001,MSK,2024-07,281,318,0,,,SNACK,B,2023-01,,PCS
SKU_0001,MSK,2024-08,320,374,0,,,SNACK,B,2023-01,,PCS
SKU_0001,MSK,2024-09,350,487,0,,,SNACK,B,2023-01,,PCS
SKU_0001,MSK,2024-10,385,480,0,,,SNACK,B,2023-01,,PCS
SKU_0001,MSK,2024-11,1159,1199,0,TPR,25.0,SNACK,B,2023-01,,PCS
SKU_0001,MSK,2024-12,316,187,0,,,SNACK,B,2023-01,,PCS
SKU_0001,MSK,2025-01,318,510,0,,,SNACK,B,2023-01,,PCS
SKU_0001,MSK,2025-02,278,429,0,,,SNACK,B,2023-01,,PCS
SKU_0001,MSK,2025-03,279,490,0,,,SNACK,B,2023-01,,PCS
SKU_0001,MSK,2025-04,232,360,0,,,SNACK,B,2023-01,,PCS
SKU_0001,MSK,2025-05,260,458,0,,,SNACK,B,2023-01,,PCS
SKU_0001,MSK,2025-06,299,186,0,,,SNACK,B,2023-01,,PCS
SKU_0001,MSK,2025-07,303,517,0,,,SNACK,B,2023-01,,PCS
SKU_0001,MSK,2025-08,363,377,0,,,SNACK,B,2023-01,,PCS
SKU_0001,MSK,2025-09,388,345,0,,,SNACK,B,2023-01,,PCS
SKU_0001,MSK,2025-10,475,647,0,,,SNACK,B,2023-01,,PCS
SKU_0001,MSK,2025-11,391,182,0,,,SNACK,B,2023-01,,PCS
SKU_0001,MSK,2025-12,393,510,0,,,SNACK,B,2023-01,,PCS
SKU_0002,MSK,2023-01,26,27,0,,,DAIRY,C,2023-01,,PCS
SKU_0002,MSK,2023-02,34,36,0,,,DAIRY,C,2023-01,,PCS
SKU_0002,MSK,2023-03,0,1,0,,,DAIRY,C,2023-01,,PCS
SKU_0002,MSK,2023-04,0,1,0,,,DAIRY,C,2023-01,,PCS
SKU_0002,MSK,2023-05,0,1,0,,,DAIRY,C,2023-01,,PCS
SKU_0002,MSK,2023-06,0,2,0,,,DAIRY,C,2023-01,,PCS
SKU_0002,MSK,2023-07,0,1,0,,,DAIRY,C,2023-01,,PCS
SKU_0002,MSK,2023-08,0,1,0,,,DAIRY,C,2023-01,,PCS
SKU_0002,MSK,2023-09,0,1,0,,,DAIRY,C,2023-01,,PCS
SKU_0002,MSK,2023-10,0,1,0,,,DAIRY,C,2023-01,,PCS
SKU_0002,MSK,2023-11,29,25,0,,,DAIRY,C,2023-01,,PCS
SKU_0002,MSK,2023-12,26,35,0,,,DAIRY,C,2023-01,,PCS
SKU_0002,MSK,2024-01,0,1,0,,,DAIRY,C,2023-01,,PCS
SKU_0002,MSK,2024-02,0,1,0,,,DAIRY,C,2023-01,,PCS
SKU_0002,MSK,2024-03,0,1,0,,,DAIRY,C,2023-01,,PCS
SKU_0002,MSK,2024-04,0,1,0,,,DAIRY,C,2023-01,,PCS
SKU_0002,MSK,2024-05,45,75,0,,,DAIRY,C,2023-01,,PCS
SKU_0002,MSK,2024-06,47,65,0,,,DAIRY,C,2023-01,,PCS
SKU_0002,MSK,2024-07,0,1,0,,,DAIRY,C,2023-01,,PCS
SKU_0002,MSK,2024-08,41,63,0,,,DAIRY,C,2023-01,,PCS
SKU_0002,MSK,2024-09,0,1,0,,,DAIRY,C,2023-01,,PCS
SKU_0002,MSK,2024-10,0,2,0,,,DAIRY,C,2023-01,,PCS
SKU_0002,MSK,2024-11,0,1,0,,,DAIRY,C,2023-01,,PCS
SKU_0002,MSK,2024-12,28,20,0,,,DAIRY,C,2023-01,,PCS
SKU_0002,MSK,2025-01,0,2,0,,,DAIRY,C,2023-01,,PCS
SKU_0002,MSK,2025-02,0,1,0,,,DAIRY,C,2023-01,,PCS
SKU_0002,MSK,2025-03,0,0,0,,,DAIRY,C,2023-01,,PCS
SKU_0002,MSK,2025-04,0,1,0,,,DAIRY,C,2023-01,,PCS
SKU_0002,MSK,2025-05,0,1,0,,,DAIRY,C,2023-01,,PCS
SKU_0002,MSK,2025-06,0,1,0,,,DAIRY,C,2023-01,,PCS
SKU_0002,MSK,2025-07,0,1,0,,,DAIRY,C,2023-01,,PCS
SKU_0002,MSK,2025-08,0,1,0,,,DAIRY,C,2023-01,,PCS
SKU_0002,MSK,2025-09,0,1,0,,,DAIRY,C,2023-01,,PCS
SKU_0002,MSK,2025-10,35,62,0,,,DAIRY,C,2023-01,,PCS
SKU_0002,MSK,2025-11,0,1,0,,,DAIRY,C,2023-01,,PCS
SKU_0002,MSK,2025-12,0,2,0,,,DAIRY,C,2023-01,,PCS
SKU_0003,EKB,2023-01,358,275,0,,,HOUSEHOLD,A,2023-01,,PCS
SKU_0003,MSK,2023-01,834,717,0,,,HOUSEHOLD,A,2023-01,,PCS
SKU_0003,EKB,2023-02,313,183,0,,,HOUSEHOLD,A,2023-01,,PCS
SKU_0003,MSK,2023-02,729,307,0,,,HOUSEHOLD,A,2023-01,,PCS
SKU_0003,EKB,2023-03,286,266,0,,,HOUSEHOLD,A,2023-01,,PCS
SKU_0003,MSK,2023-03,666,892,0,,,HOUSEHOLD,A,2023-01,,PCS
SKU_0003,EKB,2023-04,216,178,0,,,HOUSEHOLD,A,2023-01,,PCS
SKU_0003,MSK,2023-04,502,757,0,,,HOUSEHOLD,A,2023-01,,PCS
SKU_0003,EKB,2023-05,192,148,0,,,HOUSEHOLD,A,2023-01,,PCS
SKU_0003,MSK,2023-05,447,787,0,,,HOUSEHOLD,A,2023-01,,PCS
SKU_0003,EKB,2023-06,196,265,0,,,HOUSEHOLD,A,2023-01,,PCS
SKU_0003,MSK,2023-06,455,805,0,,,HOUSEHOLD,A,2023-01,,PCS
SKU_0003,EKB,2023-07,211,356,0,,,HOUSEHOLD,A,2023-01,,PCS
SKU_0003,MSK,2023-07,491,883,0,,,HOUSEHOLD,A,2023-01,,PCS
SKU_0003,EKB,2023-08,250,353,0,,,HOUSEHOLD,A,2023-01,,PCS
SKU_0003,MSK,2023-08,581,455,0,,,HOUSEHOLD,A,2023-01,,PCS
SKU_0003,EKB,2023-09,247,167,0,,,HOUSEHOLD,A,2023-01,,PCS
SKU_0003,MSK,2023-09,575,305,0,,,HOUSEHOLD,A,2023-01,,PCS
SKU_0003,EKB,2023-10,328,327,0,,,HOUSEHOLD,A,2023-01,,PCS
SKU_0003,MSK,2023-10,763,1143,0,,,HOUSEHOLD,A,2023-01,,PCS
SKU_0003,EKB,2023-11,296,502,0,,,HOUSEHOLD,A,2023-01,,PCS
SKU_0003,MSK,2023-11,689,1202,0,,,HOUSEHOLD,A,2023-01,,PCS
SKU_0003,EKB,2023-12,321,167,0,,,HOUSEHOLD,A,2023-01,,PCS
SKU_0003,MSK,2023-12,747,939,0,,,HOUSEHOLD,A,2023-01,,PCS
SKU_0003,EKB,2024-01,389,646,0,,,HOUSEHOLD,A,2023-01,,PCS
SKU_0003,MSK,2024-01,905,940,0,,,HOUSEHOLD,A,2023-01,,PCS
SKU_0003,EKB,2024-02,244,180,0,,,HOUSEHOLD,A,2023-01,,PCS
SKU_0003,MSK,2024-02,568,638,0,,,HOUSEHOLD,A,2023-01,,PCS
SKU_0003,EKB,2024-03,262,132,0,,,HOUSEHOLD,A,2023-01,,PCS
SKU_0003,MSK,2024-03,609,999,0,,,HOUSEHOLD,A,2023-01,,PCS
SKU_0003,EKB,2024-04,254,259,0,,,HOUSEHOLD,A,2023-01,,PCS
SKU_0003,MSK,2024-04,590,724,0,,,HOUSEHOLD,A,2023-01,,PCS
SKU_0003,EKB,2024-05,233,308,0,,,HOUSEHOLD,A,2023-01,,PCS
SKU_0003,MSK,2024-05,542,548,0,,,HOUSEHOLD,A,2023-01,,PCS
SKU_0003,EKB,2024-06,205,92,0,,,HOUSEHOLD,A,2023-01,,PCS
SKU_0003,MSK,2024-06,476,239,0,,,HOUSEHOLD,A,2023-01,,PCS
SKU_0003,EKB,2024-07,293,427,0,,,HOUSEHOLD,A,2023-01,,PCS
SKU_0003,MSK,2024-07,681,964,0,,,HOUSEHOLD,A,2023-01,,PCS
SKU_0003,EKB,2024-08,271,262,0,,,HOUSEHOLD,A,2023-01,,PCS
SKU_0003,MSK,2024-08,629,1071,0,,,HOUSEHOLD,A,2023-01,,PCS
SKU_0003,EKB,2024-09,274,333,0,,,HOUSEHOLD,A,2023-01,,PCS
SKU_0003,MSK,2024-09,637,798,0,,,HOUSEHOLD,A,2023-01,,PCS
SKU_0003,EKB,2024-10,268,408,0,,,HOUSEHOLD,A,2023-01,,PCS
SKU_0003,MSK,2024-10,624,756,0,,,HOUSEHOLD,A,2023-01,,PCS
SKU_0003,EKB,2024-11,310,368,0,,,HOUSEHOLD,A,2023-01,,PCS
SKU_0003,MSK,2024-11,721,766,0,,,HOUSEHOLD,A,2023-01,,PCS
SKU_0003,EKB,2024-12,306,414,0,,,HOUSEHOLD,A,2023-01,,PCS
SKU_0003,MSK,2024-12,711,1038,0,,,HOUSEHOLD,A,2023-01,,PCS
SKU_0003,EKB,2025-01,380,365,0,,,HOUSEHOLD,A,2023-01,,PCS
SKU_0003,MSK,2025-01,883,878,0,,,HOUSEHOLD,A,2023-01,,PCS
SKU_0003,EKB,2025-02,283,183,0,,,HOUSEHOLD,A,2023-01,,PCS
SKU_0003,MSK,2025-02,659,1071,0,,,HOUSEHOLD,A,2023-01,,PCS
SKU_0003,EKB,2025-03,212,221,0,,,HOUSEHOLD,A,2023-01,,PCS
SKU_0003,MSK,2025-03,493,671,0,,,HOUSEHOLD,A,2023-01,,PCS
SKU_0003,EKB,2025-04,302,520,0,,,HOUSEHOLD,A,2023-01,,PCS
SKU_0003,MSK,2025-04,703,488,0,,,HOUSEHOLD,A,2023-01,,PCS
SKU_0003,EKB,2025-05,218,108,0,,,HOUSEHOLD,A,2023-01,,PCS
SKU_0003,MSK,2025-05,508,557,0,,,HOUSEHOLD,A,2023-01,,PCS
SKU_0003,EKB,2025-06,183,125,0,,,HOUSEHOLD,A,2023-01,,PCS
SKU_0003,MSK,2025-06,426,737,0,,,HOUSEHOLD,A,2023-01,,PCS
SKU_0003,EKB,2025-07,209,226,0,,,HOUSEHOLD,A,2023-01,,PCS
SKU_0003,MSK,2025-07,486,526,0,,,HOUSEHOLD,A,2023-01,,PCS
SKU_0003,EKB,2025-08,246,190,0,,,HOUSEHOLD,A,2023-01,,PCS
SKU_0003,MSK,2025-08,572,809,0,,,HOUSEHOLD,A,2023-01,,PCS
SKU_0003,EKB,2025-09,276,193,0,,,HOUSEHOLD,A,2023-01,,PCS
SKU_0003,MSK,2025-09,643,1107,0,,,HOUSEHOLD,A,2023-01,,PCS
SKU_0003,EKB,2025-10,314,148,0,,,HOUSEHOLD,A,2023-01,,PCS
SKU_0003,MSK,2025-10,731,344,0,,,HOUSEHOLD,A,2023-01,,PCS
SKU_0003,EKB,2025-11,355,410,0,,,HOUSEHOLD,A,2023-01,,PCS
SKU_0003,MSK,2025-11,825,1201,0,,,HOUSEHOLD,A,2023-01,,PCS
SKU_0003,EKB,2025-12,290,518,0,,,HOUSEHOLD,A,2023-01,,PCS
SKU_0003,MSK,2025-12,674,675,0,,,HOUSEHOLD,A,2023-01,,PCS
SKU_0004,MSK,2023-01,499,705,0,,,BEVERAGE,B,2023-01,,PCS
SKU_0004,MSK,2023-02,652,1038,0,,,BEVERAGE,B,2023-01,,PCS
SKU_0004,MSK,2023-03,651,1002,0,,,BEVERAGE,B,2023-01,,PCS
SKU_0004,MSK,2023-04,643,487,0,,,BEVERAGE,B,2023-01,,PCS
SKU_0004,MSK,2023-05,905,639,0,,,BEVERAGE,B,2023-01,,PCS
SKU_0004,MSK,2023-06,771,550,0,,,BEVERAGE,B,2023-01,,PCS
SKU_0004,MSK,2023-07,616,1099,0,,,BEVERAGE,B,2023-01,,PCS
SKU_0004,MSK,2023-08,747,1315,0,,,BEVERAGE,B,2023-01,,PCS
SKU_0004,MSK,2023-09,587,816,0,,,BEVERAGE,B,2023-01,,PCS
SKU_0004,MSK,2023-10,459,515,0,,,BEVERAGE,B,2023-01,,PCS
SKU_0004,MSK,2023-11,348,249,0,,,BEVERAGE,B,2023-01,,PCS
SKU_0004,MSK,2023-12,522,563,0,,,BEVERAGE,B,2023-01,,PCS
SKU_0004,MSK,2024-01,609,864,0,,,BEVERAGE,B,2023-01,,PCS
SKU_0004,MSK,2024-01,609,864,0,,,BEVERAGE,B,2023-01,,PCS
SKU_0004,MSK,2024-02,530,346,0,,,BEVERAGE,B,2023-01,,PCS
SKU_0004,MSK,2024-03,915,874,0,,,BEVERAGE,B,2023-01,,PCS
SKU_0004,MSK,2024-04,851,1430,0,,,BEVERAGE,B,2023-01,,PCS
SKU_0004,MSK,2024-05,797,372,0,,,BEVERAGE,B,2023-01,,PCS
SKU_0004,MSK,2024-06,921,942,0,,,BEVERAGE,B,2023-01,,PCS
SKU_0004,MSK,2024-07,896,362,0,,,BEVERAGE,B,2023-01,,PCS
SKU_0004,MSK,2024-08,865,1038,0,,,BEVERAGE,B,2023-01,,PCS
SKU_0004,MSK,2024-09,604,336,0,,,BEVERAGE,B,2023-01,,PCS
SKU_0004,MSK,2024-10,488,712,0,,,BEVERAGE,B,2023-01,,PCS
SKU_0004,MSK,2024-11,544,908,0,,,BEVERAGE,B,2023-01,,PCS
SKU_0004,MSK,2024-12,646,1064,0,,,BEVERAGE,B,2023-01,,PCS
SKU_0004,MSK,2025-01,610,802,0,,,BEVERAGE,B,2023-01,,PCS
SKU_0004,MSK,2025-02,862,1535,0,,,BEVERAGE,B,2023-01,,PCS
SKU_0004,MSK,2025-03,861,571,0,,,BEVERAGE,B,2023-01,,PCS
SKU_0004,MSK,2025-04,844,544,0,,,BEVERAGE,B,2023-01,,PCS
SKU_0004,MSK,2025-05,1049,655,0,,,BEVERAGE,B,2023-01,,PCS
SKU_0004,MSK,2025-06,1059,937,0,,,BEVERAGE,B,2023-01,,PCS
SKU_0004,MSK,2025-07,693,1200,0,,,BEVERAGE,B,2023-01,,PCS
SKU_0004,MSK,2025-08,631,337,0,,,BEVERAGE,B,2023-01,,PCS
SKU_0004,MSK,2025-09,707,1068,0,,,BEVERAGE,B,2023-01,,PCS
SKU_0004,MSK,2025-10,580,247,0,,,BEVERAGE,B,2023-01,,PCS
SKU_0004,MSK,2025-11,605,797,0,,,BEVERAGE,B,2023-01,,PCS
SKU_0004,MSK,2025-12,648,1138,0,,,BEVERAGE,B,2023-01,,PCS
SKU_0005,MSK,2023-01,563,890,0,,,SNACK,C,2023-01,,PCS
SKU_0005,MSK,2023-02,684,1122,0,,,SNACK,C,2023-01,,PCS
SKU_0005,MSK,2023-03,877,763,0,,,SNACK,C,2023-01,,PCS
SKU_0005,MSK,2023-04,712,410,0,,,SNACK,C,2023-01,,PCS
SKU_0005,MSK,2023-05,639,581,0,,,SNACK,C,2023-01,,PCS
SKU_0005,MSK,2023-06,537,488,0,,,SNACK,C,2023-01,,PCS
SKU_0005,MSK,2023-09,501,300,0,,,SNACK,C,2023-01,,PCS
SKU_0005,MSK,2023-10,297,475,0,,,SNACK,C,2023-01,,PCS
SKU_0005,MSK,2023-11,651,651,0,,,SNACK,C,2023-01,,PCS
SKU_0005,MSK,2023-12,636,293,0,,,SNACK,C,2023-01,,PCS
SKU_0005,MSK,2024-01,838,825,0,,,SNACK,C,2023-01,,PCS
SKU_0005,MSK,2024-02,590,1019,0,,,SNACK,C,2023-01,,PCS
SKU_0005,MSK,2024-03,762,757,0,,,SNACK,C,2023-01,,PCS
SKU_0005,MSK,2024-04,667,688,0,,,SNACK,C,2023-01,,PCS
SKU_0005,MSK,2024-05,689,371,0,,,SNACK,C,2023-01,,PCS
SKU_0005,MSK,2024-06,545,349,0,,,SNACK,C,2023-01,,PCS
SKU_0005,MSK,2024-07,401,549,0,,,SNACK,C,2023-01,,PCS
SKU_0005,MSK,2024-09,521,637,0,,,SNACK,C,2023-01,,PCS
SKU_0005,MSK,2024-10,520,429,0,,,SNACK,C,2023-01,,PCS
SKU_0005,MSK,2024-11,611,604,0,,,SNACK,C,2023-01,,PCS
SKU_0005,MSK,2024-12,709,874,0,,,SNACK,C,2023-01,,PCS
SKU_0005,MSK,2025-01,831,967,0,,,SNACK,C,2023-01,,PCS
SKU_0005,MSK,2025-02,666,900,0,,,SNACK,C,2023-01,,PCS
SKU_0005,MSK,2025-03,728,831,0,,,SNACK,C,2023-01,,PCS
SKU_0005,MSK,2025-04,744,730,0,,,SNACK,C,2023-01,,PCS
SKU_0005,MSK,2025-06,627,668,0,,,SNACK,C,2023-01,,PCS
SKU_0005,MSK,2025-07,633,807,0,,,SNACK,C,2023-01,,PCS
SKU_0005,MSK,2025-08,615,818,0,,,SNACK,C,2023-01,,PCS
SKU_0005,MSK,2025-09,593,587,0,,,SNACK,C,2023-01,,PCS
SKU_0005,MSK,2025-10,613,517,0,,,SNACK,C,2023-01,,PCS
SKU_0005,MSK,2025-11,669,1142,0,,,SNACK,C,2023-01,,PCS
SKU_0005,MSK,2025-12,610,669,0,,,SNACK,C,2023-01,,PCS
SKU_0006,MSK,2023-01,163,153,0,,,DAIRY,A,2023-01,,PCS
SKU_0006,MSK,2023-02,151,186,0,,,DAIRY,A,2023-01,,PCS
SKU_0006,MSK,2023-03,157,83,0,,,DAIRY,A,2023-01,,PCS
SKU_0006,MSK,2023-04,132,119,0,,,DAIRY,A,2023-01,,PCS
SKU_0006,MSK,2023-05,123,132,0,,,DAIRY,A,2023-01,,PCS
SKU_0006,MSK,2023-06,101,100,0,,,DAIRY,A,2023-01,,PCS
SKU_0006,MSK,2023-07,88,63,0,,,DAIRY,A,2023-01,,PCS
SKU_0006,MSK,2023-08,100,58,0,,,DAIRY,A,2023-01,,PCS
SKU_0006,MSK,2023-09,91,124,0,,,DAIRY,A,2023-01,,PCS
SKU_0006,MSK,2023-10,110,191,0,,,DAIRY,A,2023-01,,PCS
SKU_0006,MSK,2023-11,115,122,0,,,DAIRY,A,2023-01,,PCS
SKU_0006,MSK,2023-12,138,184,0,,,DAIRY,A,2023-01,,PCS
SKU_0006,MSK,2024-01,155,269,0,,,DAIRY,A,2023-01,,PCS
SKU_0006,MSK,2024-02,116,131,0,,,DAIRY,A,2023-01,,PCS
SKU_0006,MSK,2024-03,476,749,0,TPR,25.0,DAIRY,A,2023-01,,PCS
SKU_0006,MSK,2024-04,141,135,0,,,DAIRY,A,2023-01,,PCS
SKU_0006,MSK,2024-05,128,104,0,,,DAIRY,A,2023-01,,PCS
SKU_0006,MSK,2024-06,123,153,0,,,DAIRY,A,2023-01,,PCS
SKU_0006,MSK,2024-07,97,140,0,,,DAIRY,A,2023-01,,PCS
SKU_0006,MSK,2024-08,93,162,0,,,DAIRY,A,2023-01,,PCS
SKU_0006,MSK,2024-09,101,101,0,,,DAIRY,A,2023-01,,PCS
SKU_0006,MSK,2024-10,102,170,0,,,DAIRY,A,2023-01,,PCS
SKU_0006,MSK,2024-11,121,171,0,,,DAIRY,A,2023-01,,PCS
SKU_0006,MSK,2024-12,138,192,0,,,DAIRY,A,2023-01,,PCS
SKU_0006,MSK,2025-01,154,213,0,,,DAIRY,A,2023-01,,PCS
SKU_0006,MSK,2025-02,160,237,0,,,DAIRY,A,2023-01,,PCS
SKU_0006,MSK,2025-03,179,75,0,,,DAIRY,A,2023-01,,PCS
SKU_0006,MSK,2025-04,134,215,0,,,DAIRY,A,2023-01,,PCS
SKU_0006,MSK,2025-05,129,197,0,,,DAIRY,A,2023-01,,PCS
SKU_0006,MSK,2025-06,117,77,0,,,DAIRY,A,2023-01,,PCS
SKU_0006,MSK,2025-07,97,142,0,,,DAIRY,A,2023-01,,PCS
SKU_0006,MSK,2025-08,90,154,0,,,DAIRY,A,2023-01,,PCS
SKU_0006,MSK,2025-09,97,87,0,,,DAIRY,A,2023-01,,PCS
SKU_0006,MSK,2025-10,103,80,0,,,DAIRY,A,2023-01,,PCS
SKU_0006,MSK,2025-11,132,54,0,,,DAIRY,A,2023-01,,PCS
SKU_0006,MSK,2025-12,164,133,0,,,DAIRY,A,2023-01,,PCS
SKU_0007,MSK,2023-01,1171,930,0,,,HOUSEHOLD,B,2023-01,,PCS
SKU_0007,MSK,2023-02,947,914,0,,,HOUSEHOLD,B,2023-01,,PCS
SKU_0007,MSK,2023-03,1058,1891,0,,,HOUSEHOLD,B,2023-01,,PCS
SKU_0007,MSK,2023-04,1200,920,0,,,HOUSEHOLD,B,2023-01,,PCS
SKU_0007,MSK,2023-05,1383,616,0,,,HOUSEHOLD,B,2023-01,,PCS
SKU_0007,MSK,2023-06,1535,1976,0,,,HOUSEHOLD,B,2023-01,,PCS
SKU_0007,MSK,2023-07,1735,1013,0,,,HOUSEHOLD,B,2023-01,,PCS
SKU_0007,MSK,2023-08,1481,1881,0,,,HOUSEHOLD,B,2023-01,,PCS
SKU_0007,MSK,2023-09,0,0,30,,,HOUSEHOLD,B,2023-01,,PCS
SKU_0007,MSK,2023-10,0,0,30,,,HOUSEHOLD,B,2023-01,,PCS
SKU_0007,MSK,2023-11,1749,2080,0,,,HOUSEHOLD,B,2023-01,,PCS
SKU_0007,MSK,2023-12,1550,1417,0,,,HOUSEHOLD,B,2023-01,,PCS
SKU_0007,MSK,2024-01,1452,1972,0,,,HOUSEHOLD,B,2023-01,,PCS
SKU_0007,MSK,2024-02,1294,704,0,,,HOUSEHOLD,B,2023-01,,PCS
SKU_0007,MSK,2024-03,1093,655,0,,,HOUSEHOLD,B,2023-01,,PCS
SKU_0007,MSK,2024-04,1000,554,0,,,HOUSEHOLD,B,2023-01,,PCS
SKU_0007,MSK,2024-05,1349,693,0,,,HOUSEHOLD,B,2023-01,,PCS
SKU_0007,MSK,2024-06,1713,1211,0,,,HOUSEHOLD,B,2023-01,,PCS
SKU_0007,MSK,2024-07,1530,1855,0,,,HOUSEHOLD,B,2023-01,,PCS
SKU_0007,MSK,2024-08,1441,966,0,,,HOUSEHOLD,B,2023-01,,PCS
SKU_0007,MSK,2024-09,2055,924,0,,,HOUSEHOLD,B,2023-01,,PCS
SKU_0007,MSK,2024-10,2067,1091,0,,,HOUSEHOLD,B,2023-01,,PCS
SKU_0007,MSK,2024-11,1817,748,0,,,HOUSEHOLD,B,2023-01,,PCS
SKU_0007,MSK,2024-12,1630,1712,0,,,HOUSEHOLD,B,2023-01,,PCS
SKU_0007,MSK,2025-01,1288,998,0,,,HOUSEHOLD,B,2023-01,,PCS
SKU_0007,MSK,2025-02,1430,1921,0,,,HOUSEHOLD,B,2023-01,,PCS
SKU_0007,MSK,2025-03,1162,2008,0,,,HOUSEHOLD,B,2023-01,,PCS
SKU_0007,MSK,2025-04,1334,1025,0,,,HOUSEHOLD,B,2023-01,,PCS
SKU_0007,MSK,2025-05,1125,904,0,,,HOUSEHOLD,B,2023-01,,PCS
SKU_0007,MSK,2025-06,1558,1272,0,,,HOUSEHOLD,B,2023-01,,PCS
SKU_0007,MSK,2025-07,1412,1154,0,,,HOUSEHOLD,B,2023-01,,PCS
SKU_0007,MSK,2025-08,1732,1564,0,,,HOUSEHOLD,B,2023-01,,PCS
SKU_0007,MSK,2025-09,1964,2865,0,,,HOUSEHOLD,B,2023-01,,PCS
SKU_0007,MSK,2025-10,1936,1588,0,,,HOUSEHOLD,B,2023-01,,PCS
SKU_0007,MSK,2025-11,1785,2217,0,,,HOUSEHOLD,B,2023-01,,PCS
SKU_0007,MSK,2025-12,2095,3459,0,,,HOUSEHOLD,B,2023-01,,PCS
SKU_0008,EKB,2023-01,132,61,0,,,BEVERAGE,C,2023-01,,PCS
SKU_0008,MSK,2023-01,395,194,0,,,BEVERAGE,C,2023-01,,PCS
SKU_0008,EKB,2023-02,148,71,0,,,BEVERAGE,C,2023-01,,PCS
SKU_0008,MSK,2023-02,443,625,0,,,BEVERAGE,C,2023-01,,PCS
SKU_0008,EKB,2023-03,178,259,0,,,BEVERAGE,C,2023-01,,PCS
SKU_0008,MSK,2023-03,533,507,0,,,BEVERAGE,C,2023-01,,PCS
SKU_0008,EKB,2023-04,242,169,0,,,BEVERAGE,C,2023-01,,PCS
SKU_0008,MSK,2023-04,723,440,0,,,BEVERAGE,C,2023-01,,PCS
SKU_0008,EKB,2023-05,163,268,0,,,BEVERAGE,C,2023-01,,PCS
SKU_0008,MSK,2023-05,486,611,0,,,BEVERAGE,C,2023-01,,PCS
SKU_0008,EKB,2023-06,337,455,0,,,BEVERAGE,C,2023-01,,PCS
SKU_0008,MSK,2023-06,1009,1655,0,,,BEVERAGE,C,2023-01,,PCS
SKU_0008,EKB,2023-07,216,327,0,,,BEVERAGE,C,2023-01,,PCS
SKU_0008,MSK,2023-07,645,855,0,,,BEVERAGE,C,2023-01,,PCS
SKU_0008,EKB,2023-08,327,426,0,,,BEVERAGE,C,2023-01,,PCS
SKU_0008,MSK,2023-08,979,1003,0,,,BEVERAGE,C,2023-01,,PCS
SKU_0008,EKB,2023-09,232,201,0,,,BEVERAGE,C,2023-01,,PCS
SKU_0008,MSK,2023-09,694,414,0,,,BEVERAGE,C,2023-01,,PCS
SKU_0008,EKB,2023-10,178,81,0,,,BEVERAGE,C,2023-01,,PCS
SKU_0008,MSK,2023-10,532,515,0,,,BEVERAGE,C,2023-01,,PCS
SKU_0008,EKB,2023-11,180,131,0,,,BEVERAGE,C,2023-01,,PCS
SKU_0008,MSK,2023-11,537,491,0,,,BEVERAGE,C,2023-01,,PCS
SKU_0008,EKB,2023-12,188,116,0,,,BEVERAGE,C,2023-01,,PCS
SKU_0008,MSK,2023-12,563,259,0,,,BEVERAGE,C,2023-01,,PCS
SKU_0008,EKB,2024-01,191,200,0,,,BEVERAGE,C,2023-01,,PCS
SKU_0008,MSK,2024-01,572,990,0,,,BEVERAGE,C,2023-01,,PCS
SKU_0008,EKB,2024-02,179,144,0,,,BEVERAGE,C,2023-01,,PCS
SKU_0008,MSK,2024-02,537,458,0,,,BEVERAGE,C,2023-01,,PCS
SKU_0008,EKB,2024-03,193,241,0,,,BEVERAGE,C,2023-01,,PCS
SKU_0008,MSK,2024-03,578,337,0,,,BEVERAGE,C,2023-01,,PCS
SKU_0008,EKB,2024-04,174,108,0,,,BEVERAGE,C,2023-01,,PCS
SKU_0008,MSK,2024-04,519,827,0,,,BEVERAGE,C,2023-01,,PCS
SKU_0008,EKB,2024-05,241,157,0,,,BEVERAGE,C,2023-01,,PCS
SKU_0008,MSK,2024-05,721,414,0,,,BEVERAGE,C,2023-01,,PCS
SKU_0008,EKB,2024-06,353,177,0,,,BEVERAGE,C,2023-01,,PCS
SKU_0008,MSK,2024-06,1056,768,0,,,BEVERAGE,C,2023-01,,PCS
SKU_0008,EKB,2024-07,279,259,0,,,BEVERAGE,C,2023-01,,PCS
SKU_0008,MSK,2024-07,836,696,0,,,BEVERAGE,C,2023-01,,PCS
SKU_0008,EKB,2024-08,324,257,0,,,BEVERAGE,C,2023-01,,PCS
SKU_0008,MSK,2024-08,970,1738,0,,,BEVERAGE,C,2023-01,,PCS
SKU_0008,EKB,2024-09,246,279,0,,,BEVERAGE,C,2023-01,,PCS
SKU_0008,MSK,2024-09,735,485,0,,,BEVERAGE,C,2023-01,,PCS
SKU_0008,EKB,2024-10,267,273,0,,,BEVERAGE,C,2023-01,,PCS
SKU_0008,MSK,2024-10,798,861,0,,,BEVERAGE,C,2023-01,,PCS
SKU_0008,EKB,2024-11,213,126,0,,,BEVERAGE,C,2023-01,,PCS
SKU_0008,MSK,2024-11,639,965,0,,,BEVERAGE,C,2023-01,,PCS
SKU_0008,EKB,2024-12,201,317,0,,,BEVERAGE,C,2023-01,,PCS
SKU_0008,MSK,2024-12,601,617,0,,,BEVERAGE,C,2023-01,,PCS
SKU_0008,EKB,2025-01,177,98,0,,,BEVERAGE,C,2023-01,,PCS
SKU_0008,MSK,2025-01,529,614,0,,,BEVERAGE,C,2023-01,,PCS
SKU_0008,EKB,2025-02,259,204,0,,,BEVERAGE,C,2023-01,,PCS
SKU_0008,MSK,2025-02,775,787,0,,,BEVERAGE,C,2023-01,,PCS
SKU_0008,EKB,2025-03,181,264,0,,,BEVERAGE,C,2023-01,,PCS
SKU_0008,MSK,2025-03,542,648,0,,,BEVERAGE,C,2023-01,,PCS
SKU_0008,EKB,2025-04,250,338,0,,,BEVERAGE,C,2023-01,,PCS
SKU_0008,MSK,2025-04,747,774,0,,,BEVERAGE,C,2023-01,,PCS
SKU_0008,EKB,2025-05,312,405,0,,,BEVERAGE,C,2023-01,,PCS
SKU_0008,MSK,2025-05,932,1175,0,,,BEVERAGE,C,2023-01,,PCS
SKU_0008,EKB,2025-06,362,445,0,,,BEVERAGE,C,2023-01,,PCS
SKU_0008,MSK,2025-06,1083,1706,0,,,BEVERAGE,C,2023-01,,PCS
SKU_0008,EKB,2025-07,417,266,0,,,BEVERAGE,C,2023-01,,PCS
SKU_0008,MSK,2025-07,1246,1516,0,,,BEVERAGE,C,2023-01,,PCS
SKU_0008,EKB,2025-08,288,498,0,,,BEVERAGE,C,2023-01,,PCS
SKU_0008,MSK,2025-08,862,1502,0,,,BEVERAGE,C,2023-01,,PCS
SKU_0008,EKB,2025-09,337,376,0,,,BEVERAGE,C,2023-01,,PCS
SKU_0008,MSK,2025-09,1007,492,0,,,BEVERAGE,C,2023-01,,PCS
SKU_0008,EKB,2025-10,267,220,0,,,BEVERAGE,C,2023-01,,PCS
SKU_0008,MSK,2025-10,799,874,0,,,BEVERAGE,C,2023-01,,PCS
SKU_0008,EKB,2025-11,295,458,0,,,BEVERAGE,C,2023-01,,PCS
SKU_0008,MSK,2025-11,883,541,0,,,BEVERAGE,C,2023-01,,PCS
SKU_0008,EKB,2025-12,197,129,0,,,BEVERAGE,C,2023-01,,PCS
SKU_0008,MSK,2025-12,588,918,0,,,BEVERAGE,C,2023-01,,PCS
SKU_0009,MSK,2023-01,8,4,0,,,SNACK,A,2023-01,,PCS
SKU_0009,MSK,2023-02,7,10,0,,,SNACK,A,2023-01,,PCS
SKU_0009,MSK,2023-03,0,1,0,,,SNACK,A,2023-01,,PCS
SKU_0009,MSK,2023-04,7,11,0,,,SNACK,A,2023-01,,PCS
SKU_0009,MSK,2023-05,5,7,0,,,SNACK,A,2023-01,,PCS
SKU_0009,MSK,2023-06,0,1,0,,,SNACK,A,2023-01,,PCS
SKU_0009,MSK,2023-07,0,2,0,,,SNACK,A,2023-01,,PCS
SKU_0009,MSK,2023-08,0,1,0,,,SNACK,A,2023-01,,PCS
SKU_0009,MSK,2023-09,0,1,0,,,SNACK,A,2023-01,,PCS
SKU_0009,MSK,2023-10,0,1,0,,,SNACK,A,2023-01,,PCS
SKU_0009,MSK,2023-11,0,2,0,,,SNACK,A,2023-01,,PCS
SKU_0009,MSK,2023-12,0,2,0,,,SNACK,A,2023-01,,PCS
SKU_0009,MSK,2024-01,0,2,0,,,SNACK,A,2023-01,,PCS
SKU_0009,MSK,2024-02,0,1,0,,,SNACK,A,2023-01,,PCS
SKU_0009,MSK,2024-03,0,0,0,,,SNACK,A,2023-01,,PCS
SKU_0009,MSK,2024-04,0,1,0,,,SNACK,A,2023-01,,PCS
SKU_0009,MSK,2024-05,0,1,0,,,SNACK,A,2023-01,,PCS
SKU_0009,MSK,2024-06,6,4,0,,,SNACK,A,2023-01,,PCS
SKU_0009,MSK,2024-07,0,1,0,,,SNACK,A,2023-01,,PCS
SKU_0009,MSK,2024-08,8,4,0,,,SNACK,A,2023-01,,PCS
SKU_0009,MSK,2024-09,0,2,0,,,SNACK,A,2023-01,,PCS
SKU_0009,MSK,2024-10,0,2,0,,,SNACK,A,2023-01,,PCS
SKU_0009,MSK,2024-11,0,1,0,,,SNACK,A,2023-01,,PCS
SKU_0009,MSK,2024-12,12,17,0,,,SNACK,A,2023-01,,PCS
SKU_0009,MSK,2025-01,10,8,0,,,SNACK,A,2023-01,,PCS
SKU_0009,MSK,2025-02,0,1,0,,,SNACK,A,2023-01,,PCS
SKU_0009,MSK,2025-03,0,1,0,,,SNACK,A,2023-01,,PCS
SKU_0009,MSK,2025-04,0,2,0,,,SNACK,A,2023-01,,PCS
SKU_0009,MSK,2025-05,0,1,0,,,SNACK,A,2023-01,,PCS
SKU_0009,MSK,2025-06,6,8,0,,,SNACK,A,2023-01,,PCS
SKU_0009,MSK,2025-07,0,2,0,,,SNACK,A,2023-01,,PCS
SKU_0009,MSK,2025-08,7,9,0,,,SNACK,A,2023-01,,PCS
SKU_0009,MSK,2025-09,0,1,0,,,SNACK,A,2023-01,,PCS
SKU_0009,MSK,2025-10,0,0,0,,,SNACK,A,2023-01,,PCS
SKU_0009,MSK,2025-11,0,1,0,,,SNACK,A,2023-01,,PCS
SKU_0009,MSK,2025-12,0,1,0,,,SNACK,A,2023-01,,PCS
SKU_0010,MSK,2023-01,2572,1091,0,,,DAIRY,B,2023-01,,PCS
SKU_0010,MSK,2023-02,2948,2082,0,,,DAIRY,B,2023-01,,PCS
SKU_0010,MSK,2023-03,3565,3815,0,,,DAIRY,B,2023-01,,PCS
SKU_0010,MSK,2023-04,1952,2118,0,,,DAIRY,B,2023-01,,PCS
SKU_0010,MSK,2023-05,2974,2837,0,,,DAIRY,B,2023-01,,PCS
SKU_0010,MSK,2023-06,2408,1400,0,,,DAIRY,B,2023-01,,PCS
SKU_0010,MSK,2023-07,3056,4343,0,,,DAIRY,B,2023-01,,PCS
SKU_0010,MSK,2023-08,3610,1649,0,,,DAIRY,B,2023-01,,PCS
SKU_0010,MSK,2023-09,3642,3289,0,,,DAIRY,B,2023-01,,PCS
SKU_0010,MSK,2023-10,3739,3482,0,,,DAIRY,B,2023-01,,PCS
SKU_0010,MSK,2023-11,3059,2426,0,,,DAIRY,B,2023-01,,PCS
SKU_0010,MSK,2023-12,4349,2393,0,,,DAIRY,B,2023-01,,PCS
SKU_0010,MSK,2024-01,3268,3520,0,,,DAIRY,B,2023-01,,PCS
SKU_0010,MSK,2024-02,2280,3518,0,,,DAIRY,B,2023-01,,PCS
SKU_0010,MSK,2024-03,1637,2153,0,,,DAIRY,B,2023-01,,PCS
SKU_0010,MSK,2024-04,2119,3521,0,,,DAIRY,B,2023-01,,PCS
SKU_0010,MSK,2024-05,2738,3478,0,,,DAIRY,B,2023-01,,PCS
SKU_0010,MSK,2024-06,2646,1068,0,,,DAIRY,B,2023-01,,PCS
SKU_0010,MSK,2024-07,3145,1725,0,,,DAIRY,B,2023-01,,PCS
SKU_0010,MSK,2024-08,3927,4552,0,,,DAIRY,B,2023-01,,PCS
SKU_0010,MSK,2024-09,3917,4324,0,,,DAIRY,B,2023-01,,PCS
SKU_0010,MSK,2024-10,2965,2074,0,,,DAIRY,B,2023-01,,PCS
SKU_0010,MSK,2024-11,3758,3577,0,,,DAIRY,B,2023-01,,PCS
SKU_0010,MSK,2024-12,2824,5002,0,,,DAIRY,B,2023-01,,PCS
SKU_0010,MSK,2025-01,3598,4593,0,,,DAIRY,B,2023-01,,PCS
SKU_0010,MSK,2025-02,2671,4169,0,,,DAIRY,B,2023-01,,PCS
SKU_0010,MSK,2025-03,2849,2441,0,,,DAIRY,B,2023-01,,PCS
SKU_0010,MSK,2025-04,2374,3337,0,,,DAIRY,B,2023-01,,PCS
SKU_0010,MSK,2025-05,2279,3891,0,,,DAIRY,B,2023-01,,PCS
SKU_0010,MSK,2025-06,3014,3582,0,,,DAIRY,B,2023-01,,PCS
SKU_0010,MSK,2025-07,2811,3917,0,,,DAIRY,B,2023-01,,PCS
SKU_0010,MSK,2025-08,3444,3851,0,,,DAIRY,B,2023-01,,PCS
SKU_0010,MSK,2025-09,4076,5719,0,,,DAIRY,B,2023-01,,PCS
SKU_0010,MSK,2025-10,2855,1320,0,,,DAIRY,B,2023-01,,PCS
SKU_0010,MSK,2025-11,4080,2823,0,,,DAIRY,B,2023-01,,PCS
SKU_0010,MSK,2025-12,4876,6332,0,,,DAIRY,B,2023-01,,PCS
SKU_0011,MSK,2023-01,551,971,0,,,HOUSEHOLD,C,2023-01,,PCS
SKU_0011,MSK,2023-02,644,361,0,,,HOUSEHOLD,C,2023-01,,PCS
SKU_0011,MSK,2023-03,658,481,0,,,HOUSEHOLD,C,2023-01,,PCS
SKU_0011,MSK,2023-04,578,642,0,,,HOUSEHOLD,C,2023-01,,PCS
SKU_0011,MSK,2023-05,762,1295,0,,,HOUSEHOLD,C,2023-01,,PCS
SKU_0011,MSK,2023-06,745,483,0,,,HOUSEHOLD,C,2023-01,,PCS
SKU_0011,MSK,2023-07,647,503,0,,,HOUSEHOLD,C,2023-01,,PCS
SKU_0011,MSK,2023-08,580,793,0,,,HOUSEHOLD,C,2023-01,,PCS
SKU_0011,MSK,2023-09,681,515,0,,,HOUSEHOLD,C,2023-01,,PCS
SKU_0011,MSK,2023-10,694,637,0,,,HOUSEHOLD,C,2023-01,,PCS
SKU_0011,MSK,2023-11,488,398,0,,,HOUSEHOLD,C,2023-01,,PCS
SKU_0011,MSK,2023-12,438,706,0,,,HOUSEHOLD,C,2023-01,,PCS
SKU_0011,MSK,2024-01,521,624,0,,,HOUSEHOLD,C,2023-01,,PCS
SKU_0011,MSK,2024-02,785,1298,0,,,HOUSEHOLD,C,2023-01,,PCS
SKU_0011,MSK,2024-03,654,682,0,,,HOUSEHOLD,C,2023-01,,PCS
SKU_0011,MSK,2024-04,851,1017,0,,,HOUSEHOLD,C,2023-01,,PCS
SKU_0011,MSK,2024-05,846,1492,0,,,HOUSEHOLD,C,2023-01,,PCS
SKU_0011,MSK,2024-06,793,743,0,,,HOUSEHOLD,C,2023-01,,PCS
SKU_0011,MSK,2024-07,679,942,0,,,HOUSEHOLD,C,2023-01,,PCS
SKU_0011,MSK,2024-08,627,632,0,,,HOUSEHOLD,C,2023-01,,PCS
SKU_0011,MSK,2024-09,424,186,0,,,HOUSEHOLD,C,2023-01,,PCS
SKU_0012,MSK,2023-01,546,975,0,,,BEVERAGE,A,2023-01,,PCS
SKU_0012,MSK,2023-02,458,448,0,,,BEVERAGE,A,2023-01,,PCS
SKU_0012,MSK,2023-03,725,1084,0,,,BEVERAGE,A,2023-01,,PCS
SKU_0012,MSK,2023-04,726,397,0,,,BEVERAGE,A,2023-01,,PCS
SKU_0012,MSK,2023-05,798,695,0,,,BEVERAGE,A,2023-01,,PCS
SKU_0012,MSK,2023-06,624,415,0,,,BEVERAGE,A,2023-01,,PCS
SKU_0012,MSK,2023-07,600,762,0,,,BEVERAGE,A,2023-01,,PCS
SKU_0012,MSK,2023-08,681,972,0,,,BEVERAGE,A,2023-01,,PCS
SKU_0012,MSK,2023-09,552,223,0,,,BEVERAGE,A,2023-01,,PCS
SKU_0012,MSK,2023-10,572,346,0,,,BEVERAGE,A,2023-01,,PCS
SKU_0012,MSK,2023-11,448,787,0,,,BEVERAGE,A,2023-01,,PCS
SKU_0012,MSK,2023-12,627,424,0,,,BEVERAGE,A,2023-01,,PCS
SKU_0012,MSK,2024-01,703,865,0,,,BEVERAGE,A,2023-01,,PCS
SKU_0012,MSK,2024-02,802,585,0,,,BEVERAGE,A,2023-01,,PCS
SKU_0012,MSK,2024-03,835,1373,0,,,BEVERAGE,A,2023-01,,PCS
SKU_0012,MSK,2024-04,746,538,0,,,BEVERAGE,A,2023-01,,PCS
SKU_0012,MSK,2024-05,929,812,0,,,BEVERAGE,A,2023-01,,PCS
SKU_0012,MSK,2024-06,840,546,0,,,BEVERAGE,A,2023-01,,PCS
SKU_0012,MSK,2024-07,758,520,0,,,BEVERAGE,A,2023-01,,PCS
SKU_0012,MSK,2024-08,790,434,0,,,BEVERAGE,A,2023-01,,PCS
SKU_0012,MSK,2024-09,0,0,30,,,BEVERAGE,A,2023-01,,PCS
SKU_0012,MSK,2024-10,0,0,30,,,BEVERAGE,A,2023-01,,PCS
SKU_0012,MSK,2024-11,0,0,30,,,BEVERAGE,A,2023-01,,PCS
SKU_0012,MSK,2024-12,631,995,0,,,BEVERAGE,A,2023-01,,PCS
SKU_0012,MSK,2025-01,785,667,0,,,BEVERAGE,A,2023-01,,PCS
SKU_0012,MSK,2025-02,804,668,0,,,BEVERAGE,A,2023-01,,PCS
SKU_0012,MSK,2025-03,979,490,0,,,BEVERAGE,A,2023-01,,PCS
SKU_0012,MSK,2025-04,966,576,0,,,BEVERAGE,A,2023-01,,PCS
SKU_0012,MSK,2025-05,1000,1035,0,,,BEVERAGE,A,2023-01,,PCS
SKU_0012,MSK,2025-06,874,1350,0,,,BEVERAGE,A,2023-01,,PCS
SKU_0012,MSK,2025-07,767,1023,0,,,BEVERAGE,A,2023-01,,PCS
SKU_0012,MSK,2025-08,661,924,0,,,BEVERAGE,A,2023-01,,PCS
SKU_0012,MSK,2025-09,641,879,0,,,BEVERAGE,A,2023-01,,PCS
SKU_0012,MSK,2025-10,606,424,0,,,BEVERAGE,A,2023-01,,PCS
SKU_0012,MSK,2025-11,526,693,0,,,BEVERAGE,A,2023-01,,PCS
SKU_0012,MSK,2025-12,710,375,0,,,BEVERAGE,A,2023-01,,PCS
SKU_0013,MSK,2023-01,1005,1633,0,,,SNACK,B,2023-01,,PCS
SKU_0013,MSK,2023-02,1359,2157,0,,,SNACK,B,2023-01,,PCS
SKU_0013,MSK,2023-03,1460,1585,0,,,SNACK,B,2023-01,,PCS
SKU_0013,MSK,2023-04,1799,946,0,,,SNACK,B,2023-01,,PCS
SKU_0013,MSK,2023-05,1559,2117,0,,,SNACK,B,2023-01,,PCS
SKU_0013,MSK,2023-06,1644,2924,0,,,SNACK,B,2023-01,,PCS
SKU_0013,MSK,2023-07,2362,2203,0,,,SNACK,B,2023-01,,PCS
SKU_0013,MSK,2023-08,1669,2901,0,,,SNACK,B,2023-01,,PCS
SKU_0013,MSK,2023-09,1600,1258,0,,,SNACK,B,2023-01,,PCS
SKU_0013,MSK,2023-10,1314,1164,0,,,SNACK,B,2023-01,,PCS
SKU_0013,MSK,2023-11,1221,1453,0,,,SNACK,B,2023-01,,PCS
SKU_0013,MSK,2023-12,949,1475,0,,,SNACK,B,2023-01,,PCS
SKU_0013,MSK,2024-01,1301,2219,0,,,SNACK,B,2023-01,,PCS
SKU_0013,MSK,2024-02,1486,1734,0,,,SNACK,B,2023-01,,PCS
SKU_0013,MSK,2024-03,1843,1288,0,,,SNACK,B,2023-01,,PCS
SKU_0013,MSK,2024-04,1373,2373,0,,,SNACK,B,2023-01,,PCS
SKU_0013,MSK,2024-05,2100,1463,0,,,SNACK,B,2023-01,,PCS
SKU_0013,MSK,2024-06,1992,1118,0,,,SNACK,B,2023-01,,PCS
SKU_0013,MSK,2024-07,1685,1350,0,,,SNACK,B,2023-01,,PCS
SKU_0013,MSK,2024-08,2142,3601,0,,,SNACK,B,2023-01,,PCS
SKU_0013,MSK,2024-09,1704,2139,0,,,SNACK,B,2023-01,,PCS
SKU_0013,MSK,2024-10,1453,2234,0,,,SNACK,B,2023-01,,PCS
SKU_0013,MSK,2024-11,1310,1796,0,,,SNACK,B,2023-01,,PCS
SKU_0013,MSK,2024-12,1405,2050,0,,,SNACK,B,2023-01,,PCS
SKU_0013,MSK,2025-01,1511,1547,0,,,SNACK,B,2023-01,,PCS
SKU_0013,MSK,2025-02,1302,2250,0,,,SNACK,B,2023-01,,PCS
SKU_0013,MSK,2025-03,1817,2578,0,,,SNACK,B,2023-01,,PCS
SKU_0013,MSK,2025-04,7202,11717,0,TPR,25.0,SNACK,B,2023-01,,PCS
SKU_0013,MSK,2025-05,1798,2297,0,,,SNACK,B,2023-01,,PCS
SKU_0013,MSK,2025-06,2395,2675,0,,,SNACK,B,2023-01,,PCS
SKU_0013,MSK,2025-07,2723,2722,0,,,SNACK,B,2023-01,,PCS
SKU_0013,MSK,2025-08,2198,2999,0,,,SNACK,B,2023-01,,PCS
SKU_0013,MSK,2025-09,1885,2574,0,,,SNACK,B,2023-01,,PCS
SKU_0013,MSK,2025-10,1903,1405,0,,,SNACK,B,2023-01,,PCS
SKU_0013,MSK,2025-11,1568,1523,0,,,SNACK,B,2023-01,,PCS
SKU_0013,MSK,2025-12,1182,1338,0,,,SNACK,B,2023-01,,PCS
SKU_0014,MSK,2023-01,1230,1772,0,,,DAIRY,C,2023-01,,PCS
SKU_0014,MSK,2023-02,1270,941,0,,,DAIRY,C,2023-01,,PCS
SKU_0014,MSK,2023-03,1540,1874,0,,,DAIRY,C,2023-01,,PCS
SKU_0014,MSK,2023-04,1632,1657,0,,,DAIRY,C,2023-01,,PCS
SKU_0014,MSK,2023-05,1762,2343,0,,,DAIRY,C,2023-01,,PCS
SKU_0014,MSK,2023-06,1580,2681,0,,,DAIRY,C,2023-01,,PCS
SKU_0014,MSK,2023-07,1296,749,0,,,DAIRY,C,2023-01,,PCS
SKU_0014,MSK,2023-08,1391,2267,0,,,DAIRY,C,2023-01,,PCS
SKU_0014,MSK,2023-09,1476,1681,0,,,DAIRY,C,2023-01,,PCS
SKU_0014,MSK,2023-10,1288,715,0,,,DAIRY,C,2023-01,,PCS
SKU_0014,MSK,2023-11,1202,1826,0,,,DAIRY,C,2023-01,,PCS
SKU_0014,MSK,2023-12,966,1339,0,,,DAIRY,C,2023-01,,PCS
SKU_0014,MSK,2024-01,1490,1865,0,,,DAIRY,C,2023-01,,PCS
SKU_0014,MSK,2024-02,1262,702,0,,,DAIRY,C,2023-01,,PCS
SKU_0014,MSK,2024-03,1591,872,0,,,DAIRY,C,2023-01,,PCS
SKU_0014,MSK,2024-04,1896,1313,0,,,DAIRY,C,2023-01,,PCS
SKU_0014,MSK,2024-05,1333,653,0,,,DAIRY,C,2023-01,,PCS
SKU_0014,MSK,2024-06,-8,1,0,,,DAIRY,C,2023-01,,PCS
SKU_0014,MSK,2024-07,1254,1697,0,,,DAIRY,C,2023-01,,PCS
SKU_0014,MSK,2024-08,2057,2115,0,,,DAIRY,C,2023-01,,PCS
SKU_0014,MSK,2024-09,1662,2038,0,,,DAIRY,C,2023-01,,PCS
SKU_0014,MSK,2024-10,1203,1519,0,,,DAIRY,C,2023-01,,PCS
SKU_0014,MSK,2024-11,1067,473,0,,,DAIRY,C,2023-01,,PCS
SKU_0014,MSK,2024-12,1488,725,0,,,DAIRY,C,2023-01,,PCS
SKU_0014,MSK,2025-01,1426,1550,0,,,DAIRY,C,2023-01,,PCS
SKU_0014,MSK,2025-02,1345,598,0,,,DAIRY,C,2023-01,,PCS
SKU_0014,MSK,2025-03,1212,1237,0,,,DAIRY,C,2023-01,,PCS
SKU_0014,MSK,2025-04,1947,968,0,,,DAIRY,C,2023-01,,PCS
SKU_0014,MSK,2025-05,2220,3969,0,,,DAIRY,C,2023-01,,PCS
SKU_0014,MSK,2025-06,1806,2440,0,,,DAIRY,C,2023-01,,PCS
SKU_0014,MSK,2025-07,2321,1461,0,,,DAIRY,C,2023-01,,PCS
SKU_0014,MSK,2025-08,1869,813,0,,,DAIRY,C,2023-01,,PCS
SKU_0014,MSK,2025-09,1192,1821,0,,,DAIRY,C,2023-01,,PCS
SKU_0014,MSK,2025-10,1269,1198,0,,,DAIRY,C,2023-01,,PCS
SKU_0014,MSK,2025-11,1393,2477,0,,,DAIRY,C,2023-01,,PCS
SKU_0014,MSK,2025-12,1302,1376,0,,,DAIRY,C,2023-01,,PCS
SKU_0015,MSK,2023-01,0,1,0,,,HOUSEHOLD,A,2023-01,,PCS
SKU_0015,MSK,2023-02,0,0,0,,,HOUSEHOLD,A,2023-01,,PCS
SKU_0015,MSK,2023-03,0,1,0,,,HOUSEHOLD,A,2023-01,,PCS
SKU_0015,MSK,2023-04,7,7,0,,,HOUSEHOLD,A,2023-01,,PCS
SKU_0015,MSK,2023-05,0,1,0,,,HOUSEHOLD,A,2023-01,,PCS
SKU_0015,MSK,2023-06,0,1,0,,,HOUSEHOLD,A,2023-01,,PCS
SKU_0015,MSK,2023-07,0,1,0,,,HOUSEHOLD,A,2023-01,,PCS
SKU_0015,MSK,2023-08,0,1,0,,,HOUSEHOLD,A,2023-01,,PCS
SKU_0015,MSK,2023-09,0,1,0,,,HOUSEHOLD,A,2023-01,,PCS
SKU_0015,MSK,2023-10,0,1,0,,,HOUSEHOLD,A,2023-01,,PCS
SKU_0015,MSK,2023-11,5,9,0,,,HOUSEHOLD,A,2023-01,,PCS
SKU_0015,MSK,2023-12,0,1,0,,,HOUSEHOLD,A,2023-01,,PCS
SKU_0015,MSK,2024-01,0,2,0,,,HOUSEHOLD,A,2023-01,,PCS
SKU_0015,MSK,2024-02,0,0,0,,,HOUSEHOLD,A,2023-01,,PCS
SKU_0015,MSK,2024-03,0,2,0,,,HOUSEHOLD,A,2023-01,,PCS
SKU_0015,MSK,2024-04,9,14,0,,,HOUSEHOLD,A,2023-01,,PCS
SKU_0015,MSK,2024-05,8,9,0,,,HOUSEHOLD,A,2023-01,,PCS
SKU_0015,MSK,2024-06,0,1,0,,,HOUSEHOLD,A,2023-01,,PCS
SKU_0015,MSK,2024-07,0,1,0,,,HOUSEHOLD,A,2023-01,,PCS
SKU_0015,MSK,2024-08,0,1,0,,,HOUSEHOLD,A,2023-01,,PCS
SKU_0015,MSK,2024-09,0,1,0,,,HOUSEHOLD,A,2023-01,,PCS
SKU_0015,MSK,2024-10,0,0,0,,,HOUSEHOLD,A,2023-01,,PCS
SKU_0015,MSK,2024-11,5,3,0,,,HOUSEHOLD,A,2023-01,,PCS
SKU_0015,MSK,2024-12,6,5,0,,,HOUSEHOLD,A,2023-01,,PCS
SKU_0015,MSK,2025-01,8,6,0,,,HOUSEHOLD,A,2023-01,,PCS
SKU_0015,MSK,2025-02,0,2,0,,,HOUSEHOLD,A,2023-01,,PCS
SKU_0015,MSK,2025-03,0,1,0,,,HOUSEHOLD,A,2023-01,,PCS
SKU_0015,MSK,2025-04,0,1,0,,,HOUSEHOLD,A,2023-01,,PCS
SKU_0015,MSK,2025-05,0,2,0,,,HOUSEHOLD,A,2023-01,,PCS
SKU_0015,MSK,2025-06,0,1,0,,,HOUSEHOLD,A,2023-01,,PCS
SKU_0015,MSK,2025-07,0,1,0,,,HOUSEHOLD,A,2023-01,,PCS
SKU_0015,MSK,2025-08,7,4,0,,,HOUSEHOLD,A,2023-01,,PCS
SKU_0015,MSK,2025-09,6,7,0,,,HOUSEHOLD,A,2023-01,,PCS
SKU_0015,MSK,2025-10,0,1,0,,,HOUSEHOLD,A,2023-01,,PCS
SKU_0015,MSK,2025-11,0,1,0,,,HOUSEHOLD,A,2023-01,,PCS
SKU_0015,MSK,2025-12,0,1,0,,,HOUSEHOLD,A,2023-01,,PCS
SKU_0016,MSK,2023-01,130,145,0,,,BEVERAGE,B,2023-01,,PCS
SKU_0016,MSK,2023-02,116,196,0,,,BEVERAGE,B,2023-01,,PCS
SKU_0016,MSK,2023-03,170,128,0,,,BEVERAGE,B,2023-01,,PCS
SKU_0016,MSK,2023-04,159,237,0,,,BEVERAGE,B,2023-01,,PCS
SKU_0016,MSK,2023-05,113,63,0,,,BEVERAGE,B,2023-01,,PCS
SKU_0016,MSK,2023-06,114,82,0,,,BEVERAGE,B,2023-01,,PCS
SKU_0016,MSK,2023-07,108,107,0,,,BEVERAGE,B,2023-01,,PCS
SKU_0016,MSK,2023-08,102,92,0,,,BEVERAGE,B,2023-01,,PCS
SKU_0016,MSK,2023-09,114,48,0,,,BEVERAGE,B,2023-01,,PCS
SKU_0016,MSK,2023-10,93,129,0,,,BEVERAGE,B,2023-01,,PCS
SKU_0016,MSK,2023-11,105,135,0,,,BEVERAGE,B,2023-01,,PCS
SKU_0016,MSK,2023-12,110,167,0,,,BEVERAGE,B,2023-01,,PCS
SKU_0016,MSK,2024-01,132,66,0,,,BEVERAGE,B,2023-01,,PCS
SKU_0016,MSK,2024-02,150,196,0,,,BEVERAGE,B,2023-01,,PCS
SKU_0016,MSK,2024-03,137,227,0,,,BEVERAGE,B,2023-01,,PCS
SKU_0016,MSK,2024-04,152,120,0,,,BEVERAGE,B,2023-01,,PCS
SKU_0016,MSK,2024-05,131,147,0,,,BEVERAGE,B,2023-01,,PCS
SKU_0016,MSK,2024-06,190,93,0,,,BEVERAGE,B,2023-01,,PCS
SKU_0016,MSK,2024-07,134,183,0,,,BEVERAGE,B,2023-01,,PCS
SKU_0016,MSK,2024-08,109,179,0,,,BEVERAGE,B,2023-01,,PCS
SKU_0016,MSK,2024-09,128,139,0,,,BEVERAGE,B,2023-01,,PCS
SKU_0016,MSK,2024-10,93,127,0,,,BEVERAGE,B,2023-01,,PCS
SKU_0016,MSK,2024-11,95,112,0,,,BEVERAGE,B,2023-01,,PCS
SKU_0016,MSK,2024-12,105,52,0,,,BEVERAGE,B,2023-01,,PCS
SKU_0016,MSK,2025-01,141,96,0,,,BEVERAGE,B,2023-01,,PCS
SKU_0016,MSK,2025-02,147,78,0,,,BEVERAGE,B,2023-01,,PCS
SKU_0016,MSK,2025-03,159,117,0,,,BEVERAGE,B,2023-01,,PCS
SKU_0016,MSK,2025-04,159,73,0,,,BEVERAGE,B,2023-01,,PCS
SKU_0016,MSK,2025-05,163,255,0,,,BEVERAGE,B,2023-01,,PCS
SKU_0016,MSK,2025-06,150,212,0,,,BEVERAGE,B,2023-01,,PCS
SKU_0016,MSK,2025-07,137,230,0,,,BEVERAGE,B,2023-01,,PCS
SKU_0016,MSK,2025-08,108,148,0,,,BEVERAGE,B,2023-01,,PCS
SKU_0016,MSK,2025-09,110,73,0,,,BEVERAGE,B,2023-01,,PCS
SKU_0016,MSK,2025-10,85,50,0,,,BEVERAGE,B,2023-01,,PCS
SKU_0016,MSK,2025-11,99,103,0,,,BEVERAGE,B,2023-01,,PCS
SKU_0016,MSK,2025-12,137,56,0,,,BEVERAGE,B,2023-01,,PCS
SKU_0017,EKB,2023-01,24,32,0,,,SNACK,C,2023-01,,PCS
SKU_0017,MSK,2023-01,93,146,0,,,SNACK,C,2023-01,,PCS
SKU_0017,EKB,2023-02,25,16,0,,,SNACK,C,2023-01,,PCS
SKU_0017,MSK,2023-02,98,65,0,,,SNACK,C,2023-01,,PCS
SKU_0017,EKB,2023-03,29,13,0,,,SNACK,C,2023-01,,PCS
SKU_0017,MSK,2023-03,111,119,0,,,SNACK,C,2023-01,,PCS
SKU_0017,EKB,2023-04,27,29,0,,,SNACK,C,2023-01,,PCS
SKU_0017,MSK,2023-04,103,64,0,,,SNACK,C,2023-01,,PCS
SKU_0017,EKB,2023-05,37,46,0,,,SNACK,C,2023-01,,PCS
SKU_0017,MSK,2023-05,142,107,0,,,SNACK,C,2023-01,,PCS
SKU_0017,EKB,2023-06,33,32,0,,,SNACK,C,2023-01,,PCS
SKU_0017,MSK,2023-06,128,80,0,,,SNACK,C,2023-01,,PCS
SKU_0017,EKB,2023-07,38,24,0,,,SNACK,C,2023-01,,PCS
SKU_0017,MSK,2023-07,146,88,0,,,SNACK,C,2023-01,,PCS
SKU_0017,EKB,2023-08,43,19,0,,,SNACK,C,2023-01,,PCS
SKU_0017,MSK,2023-08,166,210,0,,,SNACK,C,2023-01,,PCS
SKU_0017,EKB,2023-09,41,28,0,,,SNACK,C,2023-01,,PCS
SKU_0017,MSK,2023-09,157,100,0,,,SNACK,C,2023-01,,PCS
SKU_0017,EKB,2023-10,32,31,0,,,SNACK,C,2023-01,,PCS
SKU_0017,MSK,2023-10,124,92,0,,,SNACK,C,2023-01,,PCS
SKU_0017,EKB,2023-11,32,57,0,,,SNACK,C,2023-01,,PCS
SKU_0017,MSK,2023-11,122,134,0,,,SNACK,C,2023-01,,PCS
SKU_0017,EKB,2023-12,26,36,0,,,SNACK,C,2023-01,,PCS
SKU_0017,MSK,2023-12,101,119,0,,,SNACK,C,2023-01,,PCS
SKU_0017,EKB,2024-01,25,43,0,,,SNACK,C,2023-01,,PCS
SKU_0017,MSK,2024-01,96,145,0,,,SNACK,C,2023-01,,PCS
SKU_0017,EKB,2024-02,23,32,0,,,SNACK,C,2023-01,,PCS
SKU_0017,MSK,2024-02,87,51,0,,,SNACK,C,2023-01,,PCS
SKU_0017,EKB,2024-03,25,33,0,,,SNACK,C,2023-01,,PCS
SKU_0017,MSK,2024-03,98,173,0,,,SNACK,C,2023-01,,PCS
SKU_0017,EKB,2024-04,36,15,0,,,SNACK,C,2023-01,,PCS
SKU_0017,MSK,2024-04,141,142,0,,,SNACK,C,2023-01,,PCS
SKU_0017,EKB,2024-05,37,41,0,,,SNACK,C,2023-01,,PCS
SKU_0017,MSK,2024-05,144,106,0,,,SNACK,C,2023-01,,PCS
SKU_0017,EKB,2024-06,38,46,0,,,SNACK,C,2023-01,,PCS
SKU_0017,MSK,2024-06,148,136,0,,,SNACK,C,2023-01,,PCS
SKU_0017,EKB,2024-07,45,48,0,,,SNACK,C,2023-01,,PCS
SKU_0017,MSK,2024-07,172,303,0,,,SNACK,C,2023-01,,PCS
SKU_0017,EKB,2024-08,41,50,0,,,SNACK,C,2023-01,,PCS
SKU_0017,MSK,2024-08,157,274,0,,,SNACK,C,2023-01,,PCS
SKU_0017,EKB,2024-09,37,42,0,,,SNACK,C,2023-01,,PCS
SKU_0017,MSK,2024-09,141,192,0,,,SNACK,C,2023-01,,PCS
SKU_0017,EKB,2024-10,24,11,0,,,SNACK,C,2023-01,,PCS
SKU_0017,MSK,2024-10,94,122,0,,,SNACK,C,2023-01,,PCS
SKU_0017,EKB,2024-11,26,12,0,,,SNACK,C,2023-01,,PCS
SKU_0017,MSK,2024-11,100,41,0,,,SNACK,C,2023-01,,PCS
SKU_0017,EKB,2024-12,20,14,0,,,SNACK,C,2023-01,,PCS
SKU_0017,MSK,2024-12,77,91,0,,,SNACK,C,2023-01,,PCS
SKU_0017,EKB,2025-01,22,35,0,,,SNACK,C,2023-01,,PCS
SKU_0017,MSK,2025-01,84,117,0,,,SNACK,C,2023-01,,PCS
SKU_0017,EKB,2025-02,27,21,0,,,SNACK,C,2023-01,,PCS
SKU_0017,MSK,2025-02,104,55,0,,,SNACK,C,2023-01,,PCS
SKU_0017,EKB,2025-03,29,51,0,,,SNACK,C,2023-01,,PCS
SKU_0017,MSK,2025-03,110,70,0,,,SNACK,C,2023-01,,PCS
SKU_0017,EKB,2025-04,29,41,0,,,SNACK,C,2023-01,,PCS
SKU_0017,MSK,2025-04,113,187,0,,,SNACK,C,2023-01,,PCS
SKU_0017,EKB,2025-05,36,59,0,,,SNACK,C,2023-01,,PCS
SKU_0017,MSK,2025-05,138,149,0,,,SNACK,C,2023-01,,PCS
SKU_0017,EKB,2025-06,43,74,0,,,SNACK,C,2023-01,,PCS
SKU_0017,MSK,2025-06,164,111,0,,,SNACK,C,2023-01,,PCS
SKU_0017,EKB,2025-07,27,28,0,,,SNACK,C,2023-01,,PCS
SKU_0017,MSK,2025-07,105,161,0,,,SNACK,C,2023-01,,PCS
SKU_0017,EKB,2025-08,40,66,0,,,SNACK,C,2023-01,,PCS
SKU_0017,MSK,2025-08,156,254,0,,,SNACK,C,2023-01,,PCS
SKU_0017,EKB,2025-09,31,20,0,,,SNACK,C,2023-01,,PCS
SKU_0017,MSK,2025-09,121,190,0,,,SNACK,C,2023-01,,PCS
SKU_0017,EKB,2025-10,35,49,0,,,SNACK,C,2023-01,,PCS
SKU_0017,MSK,2025-10,135,70,0,,,SNACK,C,2023-01,,PCS
SKU_0017,EKB,2025-11,34,38,0,,,SNACK,C,2023-01,,PCS
SKU_0017,MSK,2025-11,130,230,0,,,SNACK,C,2023-01,,PCS
SKU_0017,EKB,2025-12,29,28,0,,,SNACK,C,2023-01,,PCS
SKU_0017,MSK,2025-12,113,63,0,,,SNACK,C,2023-01,,PCS
SKU_0018,MSK,2023-01,189,107,0,,,DAIRY,A,2023-01,,PCS
SKU_0018,MSK,2023-02,161,117,0,,,DAIRY,A,2023-01,,PCS
SKU_0018,MSK,2023-03,193,337,0,,,DAIRY,A,2023-01,,PCS
SKU_0018,MSK,2023-04,217,361,0,,,DAIRY,A,2023-01,,PCS
SKU_0018,MSK,2023-05,256,226,0,,,DAIRY,A,2023-01,,PCS
SKU_0018,MSK,2023-06,269,419,0,,,DAIRY,A,2023-01,,PCS
SKU_0018,MSK,2023-07,358,307,0,,,DAIRY,A,2023-01,,PCS
SKU_0018,MSK,2023-08,289,242,0,,,DAIRY,A,2023-01,,PCS
SKU_0018,MSK,2023-09,287,305,0,,,DAIRY,A,2023-01,,PCS
SKU_0018,MSK,2023-10,310,409,0,,,DAIRY,A,2023-01,,PCS
SKU_0018,MSK,2023-11,309,308,0,,,DAIRY,A,2023-01,,PCS
SKU_0018,MSK,2023-12,280,181,0,,,DAIRY,A,2023-01,,PCS
SKU_0018,MSK,2024-01,246,102,0,,,DAIRY,A,2023-01,,PCS
SKU_0018,MSK,2024-02,258,325,0,,,DAIRY,A,2023-01,,PCS
SKU_0018,MSK,2024-03,196,121,0,,,DAIRY,A,2023-01,,PCS
SKU_0018,MSK,2024-04,292,214,0,,,DAIRY,A,2023-01,,PCS
SKU_0018,MSK,2024-05,258,226,0,,,DAIRY,A,2023-01,,PCS
SKU_0018,MSK,2024-06,333,593,0,,,DAIRY,A,2023-01,,PCS
SKU_0018,MSK,2024-07,400250,313071,0,,,DAIRY,A,2023-01,,PCS
SKU_0018,MSK,2024-08,339255,567289,0,,,DAIRY,A,2023-01,,PCS
SKU_0018,MSK,2024-09,363492,190755,0,,,DAIRY,A,2023-01,,PCS
SKU_0018,MSK,2024-10,271040,172932,0,,,DAIRY,A,2023-01,,PCS
SKU_0018,MSK,2024-11,285040,143136,0,,,DAIRY,A,2023-01,,PCS
SKU_0018,MSK,2024-12,261844,453375,0,,,DAIRY,A,2023-01,,PCS
SKU_0018,MSK,2025-01,230350,107598,0,,,DAIRY,A,2023-01,,PCS
SKU_0018,MSK,2025-02,198363,259377,0,,,DAIRY,A,2023-01,,PCS
SKU_0018,MSK,2025-03,254370,136527,0,,,DAIRY,A,2023-01,,PCS
SKU_0018,MSK,2025-04,318733,456345,0,,,DAIRY,A,2023-01,,PCS
SKU_0018,MSK,2025-05,327282,401474,0,,,DAIRY,A,2023-01,,PCS
SKU_0018,MSK,2025-06,352647,343461,0,,,DAIRY,A,2023-01,,PCS
SKU_0018,MSK,2025-07,393076,516140,0,,,DAIRY,A,2023-01,,PCS
SKU_0018,MSK,2025-08,335326,539446,0,,,DAIRY,A,2023-01,,PCS
SKU_0018,MSK,2025-09,406748,595487,0,,,DAIRY,A,2023-01,,PCS
SKU_0018,MSK,2025-10,388333,343078,0,,,DAIRY,A,2023-01,,PCS
SKU_0018,MSK,2025-11,363211,286245,0,,,DAIRY,A,2023-01,,PCS
SKU_0018,MSK,2025-12,277243,340560,0,,,DAIRY,A,2023-01,,PCS
SKU_0019,MSK,2023-01,108,96,0,,,HOUSEHOLD,B,2023-01,,PCS
SKU_0019,MSK,2023-02,89,81,0,,,HOUSEHOLD,B,2023-01,,PCS
SKU_0019,MSK,2023-03,96,129,0,,,HOUSEHOLD,B,2023-01,,PCS
SKU_0019,MSK,2023-04,89,87,0,,,HOUSEHOLD,B,2023-01,,PCS
SKU_0019,MSK,2023-05,103,129,0,,,HOUSEHOLD,B,2023-01,,PCS
SKU_0019,MSK,2023-06,123,178,0,,,HOUSEHOLD,B,2023-01,,PCS
SKU_0019,MSK,2023-07,125,98,0,,,HOUSEHOLD,B,2023-01,,PCS
SKU_0019,MSK,2023-08,158,67,0,,,HOUSEHOLD,B,2023-01,,PCS
SKU_0019,MSK,2023-09,152,251,0,,,HOUSEHOLD,B,2023-01,,PCS
SKU_0019,MSK,2023-10,158,161,0,,,HOUSEHOLD,B,2023-01,,PCS
SKU_0019,MSK,2023-11,142,209,0,,,HOUSEHOLD,B,2023-01,,PCS
SKU_0019,MSK,2023-12,118,109,0,,,HOUSEHOLD,B,2023-01,,PCS
SKU_0019,MSK,2024-01,106,185,0,,,HOUSEHOLD,B,2023-01,,PCS
SKU_0019,MSK,2024-02,104,82,0,,,HOUSEHOLD,B,2023-01,,PCS
SKU_0019,MSK,2024-03,77,52,0,,,HOUSEHOLD,B,2023-01,,PCS
SKU_0019,MSK,2024-04,85,70,0,,,HOUSEHOLD,B,2023-01,,PCS
SKU_0019,MSK,2024-05,113,189,0,,,HOUSEHOLD,B,2023-01,,PCS
SKU_0019,MSK,2024-06,127,60,0,,,HOUSEHOLD,B,2023-01,,PCS
SKU_0019,MSK,2024-07,138,214,0,,,HOUSEHOLD,B,2023-01,,PCS
SKU_0019,MSK,2024-08,132,130,0,,,HOUSEHOLD,B,2023-01,,PCS
SKU_0019,MSK,2024-09,156,72,0,,,HOUSEHOLD,B,2023-01,,PCS
SKU_0019,MSK,2024-10,135,89,0,,,HOUSEHOLD,B,2023-01,,PCS
SKU_0019,MSK,2024-11,132,104,0,,,HOUSEHOLD,B,2023-01,,PCS
SKU_0019,MSK,2024-12,132,98,0,,,HOUSEHOLD,B,2023-01,,PCS
SKU_0019,MSK,2025-01,95,98,0,,,HOUSEHOLD,B,2023-01,,PCS
SKU_0019,MSK,2025-02,104,114,0,,,HOUSEHOLD,B,2023-01,,PCS
SKU_0019,MSK,2025-02,104,114,0,,,HOUSEHOLD,B,2023-01,,PCS
SKU_0019,MSK,2025-03,100,114,0,,,HOUSEHOLD,B,2023-01,,PCS
SKU_0019,MSK,2025-04,99,141,0,,,HOUSEHOLD,B,2023-01,,PCS
SKU_0019,MSK,2025-05,104,123,0,,,HOUSEHOLD,B,2023-01,,PCS
SKU_0019,MSK,2025-06,130,203,0,,,HOUSEHOLD,B,2023-01,,PCS
SKU_0019,MSK,2025-07,144,211,0,,,HOUSEHOLD,B,2023-01,,PCS
SKU_0019,MSK,2025-08,149,223,0,,,HOUSEHOLD,B,2023-01,,PCS
SKU_0019,MSK,2025-09,153,230,0,,,HOUSEHOLD,B,2023-01,,PCS
SKU_0019,MSK,2025-10,155,244,0,,,HOUSEHOLD,B,2023-01,,PCS
SKU_0019,MSK,2025-11,127,153,0,,,HOUSEHOLD,B,2023-01,,PCS
SKU_0019,MSK,2025-12,124,96,0,,,HOUSEHOLD,B,2023-01,,PCS
SKU_0020,MSK,2023-01,2488,3710,0,,,BEVERAGE,C,2023-01,,PCS
SKU_0020,MSK,2023-02,2464,3772,0,,,BEVERAGE,C,2023-01,,PCS
SKU_0020,MSK,2023-03,2902,2274,0,,,BEVERAGE,C,2023-01,,PCS
SKU_0020,MSK,2023-04,3606,2468,0,,,BEVERAGE,C,2023-01,,PCS
SKU_0020,MSK,2023-05,3396,5345,0,,,BEVERAGE,C,2023-01,,PCS
SKU_0020,MSK,2023-06,15629,10633,0,TPR,25.0,BEVERAGE,C,2023-01,,PCS
SKU_0020,MSK,2023-07,2491,2090,0,,,BEVERAGE,C,2023-01,,PCS
SKU_0020,MSK,2023-08,4649,3260,0,,,BEVERAGE,C,2023-01,,PCS
SKU_0020,MSK,2023-09,2434,2149,0,,,BEVERAGE,C,2023-01,,PCS
SKU_0020,MSK,2023-10,2406,2405,0,,,BEVERAGE,C,2023-01,,PCS
SKU_0020,MSK,2023-11,2430,1894,0,,,BEVERAGE,C,2023-01,,PCS
SKU_0020,MSK,2023-12,2287,1768,0,,,BEVERAGE,C,2023-01,,PCS
SKU_0020,MSK,2024-01,2372,3769,0,,,BEVERAGE,C,2023-01,,PCS
SKU_0020,MSK,2024-02,2226,1998,0,,,BEVERAGE,C,2023-01,,PCS
SKU_0020,MSK,2024-03,3062,4905,0,,,BEVERAGE,C,2023-01,,PCS
SKU_0020,MSK,2024-04,3250,1385,0,,,BEVERAGE,C,2023-01,,PCS
SKU_0020,MSK,2024-05,4333,4349,0,,,BEVERAGE,C,2023-01,,PCS
SKU_0020,MSK,2024-06,3040,3045,0,,,BEVERAGE,C,2023-01,,PCS
SKU_0020,MSK,2024-07,3671,2734,0,,,BEVERAGE,C,2023-01,,PCS
SKU_0020,MSK,2024-08,3562,4329,0,,,BEVERAGE,C,2023-01,,PCS
SKU_0020,MSK,2024-09,3272,3688,0,,,BEVERAGE,C,2023-01,,PCS
SKU_0020,MSK,2024-10,3174,1521,0,,,BEVERAGE,C,2023-01,,PCS
SKU_0020,MSK,2024-11,3440,4386,0,,,BEVERAGE,C,2023-01,,PCS
SKU_0020,MSK,2024-12,2540,1293,0,,,BEVERAGE,C,2023-01,,PCS
SKU_0020,MSK,2025-01,3170,5057,0,,,BEVERAGE,C,2023-01,,PCS
SKU_0020,MSK,2025-02,2746,2839,0,,,BEVERAGE,C,2023-01,,PCS
SKU_0020,MSK,2025-03,2786,3394,0,,,BEVERAGE,C,2023-01,,PCS
SKU_0020,MSK,2025-04,3554,2455,0,,,BEVERAGE,C,2023-01,,PCS
SKU_0020,MSK,2025-05,3634,2929,0,,,BEVERAGE,C,2023-01,,PCS
SKU_0020,MSK,2025-06,4520,2144,0,,,BEVERAGE,C,2023-01,,PCS
SKU_0020,MSK,2025-07,2801,1844,0,,,BEVERAGE,C,2023-01,,PCS
SKU_0020,MSK,2025-08,2956,1831,0,,,BEVERAGE,C,2023-01,,PCS
SKU_0020,MSK,2025-09,3379,3665,0,,,BEVERAGE,C,2023-01,,PCS
SKU_0020,MSK,2025-10,3516,4603,0,,,BEVERAGE,C,2023-01,,PCS
SKU_0020,MSK,2025-11,2224,3477,0,,,BEVERAGE,C,2023-01,,PCS
SKU_0020,MSK,2025-12,2279,1000,0,,,BEVERAGE,C,2023-01,,PCS
SKU_0021,MSK,2023-01,519,449,0,,,SNACK,A,2023-01,,PCS
SKU_0021,MSK,2023-02,490,709,0,,,SNACK,A,2023-01,,PCS
SKU_0021,MSK,2023-03,459,414,0,,,SNACK,A,2023-01,,PCS
SKU_0021,MSK,2023-04,549,302,0,,,SNACK,A,2023-01,,PCS
SKU_0021,MSK,2023-05,628,574,0,,,SNACK,A,2023-01,,PCS
SKU_0021,MSK,2023-06,652,1109,0,,,SNACK,A,2023-01,,PCS
SKU_0021,MSK,2023-07,659,808,0,,,SNACK,A,2023-01,,PCS
SKU_0021,MSK,2023-08,778,1227,0,,,SNACK,A,2023-01,,PCS
SKU_0021,MSK,2023-09,653,329,0,,,SNACK,A,2023-01,,PCS
SKU_0021,MSK,2023-10,604,677,0,,,SNACK,A,2023-01,,PCS
SKU_0021,MSK,2023-11,739,645,0,,,SNACK,A,2023-01,,PCS
SKU_0021,MSK,2023-12,483,734,0,,,SNACK,A,2023-01,,PCS
SKU_0021,MSK,2024-01,408,226,0,,,SNACK,A,2023-01,,PCS
SKU_0021,MSK,2024-02,424,276,0,,,SNACK,A,2023-01,,PCS
SKU_0021,MSK,2024-03,471,477,0,,,SNACK,A,2023-01,,PCS
SKU_0021,MSK,2024-04,528,711,0,,,SNACK,A,2023-01,,PCS
SKU_0021,MSK,2024-05,533,932,0,,,SNACK,A,2023-01,,PCS
SKU_0021,MSK,2024-06,722,754,0,,,SNACK,A,2023-01,,PCS
SKU_0021,MSK,2024-07,747,579,0,,,SNACK,A,2023-01,,PCS
SKU_0021,MSK,2024-08,676,1051,0,,,SNACK,A,2023-01,,PCS
SKU_0021,MSK,2024-09,731,839,0,,,SNACK,A,2023-01,,PCS
SKU_0021,MSK,2024-10,581,673,0,,,SNACK,A,2023-01,,PCS
SKU_0021,MSK,2024-11,589,381,0,,,SNACK,A,2023-01,,PCS
SKU_0021,MSK,2024-12,481,507,0,,,SNACK,A,2023-01,,PCS
SKU_0021,MSK,2025-01,436,441,0,,,SNACK,A,2023-01,,PCS
SKU_0021,MSK,2025-02,427,683,0,,,SNACK,A,2023-01,,PCS
SKU_0021,MSK,2025-03,416,204,0,,,SNACK,A,2023-01,,PCS
SKU_0021,MSK,2025-04,513,416,0,,,SNACK,A,2023-01,,PCS
SKU_0021,MSK,2025-05,560,467,0,,,SNACK,A,2023-01,,PCS
SKU_0021,MSK,2025-06,669,694,0,,,SNACK,A,2023-01,,PCS
SKU_0021,MSK,2025-07,0,0,30,,,SNACK,A,2023-01,,PCS
SKU_0021,MSK,2025-08,662,977,0,,,SNACK,A,2023-01,,PCS
SKU_0021,MSK,2025-09,748,1178,0,,,SNACK,A,2023-01,,PCS
SKU_0021,MSK,2025-10,635,408,0,,,SNACK,A,2023-01,,PCS
SKU_0021,MSK,2025-11,572,378,0,,,SNACK,A,2023-01,,PCS
SKU_0021,MSK,2025-12,473,450,0,,,SNACK,A,2023-01,,PCS
SKU_0022,EKB,2023-01,744,701,0,,,DAIRY,B,2023-01,,PCS
SKU_0022,MSK,2023-01,1762,1323,0,,,DAIRY,B,2023-01,,PCS
SKU_0022,EKB,2023-02,679,830,0,,,DAIRY,B,2023-01,,PCS
SKU_0022,MSK,2023-02,1610,2401,0,,,DAIRY,B,2023-01,,PCS
SKU_0022,EKB,2023-03,586,251,0,,,DAIRY,B,2023-01,,PCS
SKU_0022,MSK,2023-03,1388,927,0,,,DAIRY,B,2023-01,,PCS
SKU_0022,EKB,2023-04,542,877,0,,,DAIRY,B,2023-01,,PCS
SKU_0022,MSK,2023-04,1284,2022,0,,,DAIRY,B,2023-01,,PCS
SKU_0022,EKB,2023-05,457,531,0,,,DAIRY,B,2023-01,,PCS
SKU_0022,MSK,2023-05,1083,1906,0,,,DAIRY,B,2023-01,,PCS
SKU_0022,EKB,2023-06,561,565,0,,,DAIRY,B,2023-01,,PCS
SKU_0022,MSK,2023-06,1330,1368,0,,,DAIRY,B,2023-01,,PCS
SKU_0022,EKB,2023-07,499,746,0,,,DAIRY,B,2023-01,,PCS
SKU_0022,MSK,2023-07,1183,1871,0,,,DAIRY,B,2023-01,,PCS
SKU_0022,EKB,2023-08,547,942,0,,,DAIRY,B,2023-01,,PCS
SKU_0022,MSK,2023-08,1297,1093,0,,,DAIRY,B,2023-01,,PCS
SKU_0022,EKB,2023-09,573,365,0,,,DAIRY,B,2023-01,,PCS
SKU_0022,MSK,2023-09,1359,2378,0,,,DAIRY,B,2023-01,,PCS
SKU_0022,EKB,2023-10,707,338,0,,,DAIRY,B,2023-01,,PCS
SKU_0022,MSK,2023-10,1675,2620,0,,,DAIRY,B,2023-01,,PCS
SKU_0022,EKB,2023-11,734,311,0,,,DAIRY,B,2023-01,,PCS
SKU_0022,MSK,2023-11,1739,784,0,,,DAIRY,B,2023-01,,PCS
SKU_0022,EKB,2023-12,797,600,0,,,DAIRY,B,2023-01,,PCS
SKU_0022,MSK,2023-12,1889,2728,0,,,DAIRY,B,2023-01,,PCS
SKU_0022,EKB,2024-01,631,556,0,,,DAIRY,B,2023-01,,PCS
SKU_0022,MSK,2024-01,1494,1691,0,,,DAIRY,B,2023-01,,PCS
SKU_0022,EKB,2024-02,532,760,0,,,DAIRY,B,2023-01,,PCS
SKU_0022,MSK,2024-02,1261,1079,0,,,DAIRY,B,2023-01,,PCS
SKU_0022,EKB,2024-03,708,1176,0,,,DAIRY,B,2023-01,,PCS
SKU_0022,MSK,2024-03,1677,1924,0,,,DAIRY,B,2023-01,,PCS
SKU_0022,EKB,2024-04,592,825,0,,,DAIRY,B,2023-01,,PCS
SKU_0022,MSK,2024-04,1403,2108,0,,,DAIRY,B,2023-01,,PCS
SKU_0022,EKB,2024-05,547,657,0,,,DAIRY,B,2023-01,,PCS
SKU_0022,MSK,2024-05,1296,1193,0,,,DAIRY,B,2023-01,,PCS
SKU_0022,EKB,2024-06,440,713,0,,,DAIRY,B,2023-01,,PCS
SKU_0022,MSK,2024-06,1043,1558,0,,,DAIRY,B,2023-01,,PCS
SKU_0022,EKB,2024-07,570,404,0,,,DAIRY,B,2023-01,,PCS
SKU_0022,MSK,2024-07,1350,2176,0,,,DAIRY,B,2023-01,,PCS
SKU_0022,EKB,2024-08,651,692,0,,,DAIRY,B,2023-01,,PCS
SKU_0022,MSK,2024-08,1544,1585,0,,,DAIRY,B,2023-01,,PCS
SKU_0022,EKB,2024-09,667,563,0,,,DAIRY,B,2023-01,,PCS
SKU_0022,MSK,2024-09,1581,1359,0,,,DAIRY,B,2023-01,,PCS
SKU_0022,EKB,2024-10,848,1040,0,,,DAIRY,B,2023-01,,PCS
SKU_0022,MSK,2024-10,2009,3469,0,,,DAIRY,B,2023-01,,PCS
SKU_0022,EKB,2024-11,961,997,0,,,DAIRY,B,2023-01,,PCS
SKU_0022,MSK,2024-11,2277,3107,0,,,DAIRY,B,2023-01,,PCS
SKU_0022,EKB,2024-12,845,1486,0,,,DAIRY,B,2023-01,,PCS
SKU_0022,MSK,2024-12,2003,3562,0,,,DAIRY,B,2023-01,,PCS
SKU_0022,EKB,2025-01,844,1201,0,,,DAIRY,B,2023-01,,PCS
SKU_0022,MSK,2025-01,2001,2769,0,,,DAIRY,B,2023-01,,PCS
SKU_0022,EKB,2025-02,943,1331,0,,,DAIRY,B,2023-01,,PCS
SKU_0022,MSK,2025-02,2235,3571,0,,,DAIRY,B,2023-01,,PCS
SKU_0022,EKB,2025-03,817,887,0,,,DAIRY,B,2023-01,,PCS
SKU_0022,MSK,2025-03,1936,1203,0,,,DAIRY,B,2023-01,,PCS
SKU_0022,EKB,2025-04,641,263,0,,,DAIRY,B,2023-01,,PCS
SKU_0022,MSK,2025-04,1520,2629,0,,,DAIRY,B,2023-01,,PCS
SKU_0022,EKB,2025-05,650,268,0,,,DAIRY,B,2023-01,,PCS
SKU_0022,MSK,2025-05,1541,995,0,,,DAIRY,B,2023-01,,PCS
SKU_0022,EKB,2025-06,533,646,0,,,DAIRY,B,2023-01,,PCS
SKU_0022,MSK,2025-06,1262,2265,0,,,DAIRY,B,2023-01,,PCS
SKU_0022,EKB,2025-07,657,933,0,,,DAIRY,B,2023-01,,PCS
SKU_0022,MSK,2025-07,1556,1760,0,,,DAIRY,B,2023-01,,PCS
SKU_0022,EKB,2025-08,685,720,0,,,DAIRY,B,2023-01,,PCS
SKU_0022,MSK,2025-08,1624,971,0,,,DAIRY,B,2023-01,,PCS
SKU_0022,EKB,2025-09,733,1002,0,,,DAIRY,B,2023-01,,PCS
SKU_0022,MSK,2025-09,1737,2304,0,,,DAIRY,B,2023-01,,PCS
SKU_0022,EKB,2025-10,950,1667,0,,,DAIRY,B,2023-01,,PCS
SKU_0022,MSK,2025-10,2251,1286,0,,,DAIRY,B,2023-01,,PCS
SKU_0022,EKB,2025-11,1060,700,0,,,DAIRY,B,2023-01,,PCS
SKU_0022,MSK,2025-11,2513,1240,0,,,DAIRY,B,2023-01,,PCS
SKU_0022,EKB,2025-12,881,794,0,,,DAIRY,B,2023-01,,PCS
SKU_0022,MSK,2025-12,2089,973,0,,,DAIRY,B,2023-01,,PCS
SKU_0023,MSK,2023-01,1536,1318,0,,,HOUSEHOLD,C,2023-01,,PCS
SKU_0023,MSK,2023-02,1837,2467,0,,,HOUSEHOLD,C,2023-01,,PCS
SKU_0023,MSK,2023-03,1517,1331,0,,,HOUSEHOLD,C,2023-01,,PCS
SKU_0023,MSK,2023-04,1452,1248,0,,,HOUSEHOLD,C,2023-01,,PCS
SKU_0023,MSK,2023-05,1148,606,0,,,HOUSEHOLD,C,2023-01,,PCS
SKU_0023,MSK,2023-06,917,1190,0,,,HOUSEHOLD,C,2023-01,,PCS
SKU_0023,MSK,2023-07,958,1051,0,,,HOUSEHOLD,C,2023-01,,PCS
SKU_0023,MSK,2023-08,1363,745,0,,,HOUSEHOLD,C,2023-01,,PCS
SKU_0023,MSK,2023-09,1519,1033,0,,,HOUSEHOLD,C,2023-01,,PCS
SKU_0023,MSK,2023-10,1603,1606,0,,,HOUSEHOLD,C,2023-01,,PCS
SKU_0023,MSK,2023-11,1886,1293,0,,,HOUSEHOLD,C,2023-01,,PCS
SKU_0023,MSK,2023-12,1800,2588,0,,,HOUSEHOLD,C,2023-01,,PCS
SKU_0023,MSK,2024-01,1653,916,0,,,HOUSEHOLD,C,2023-01,,PCS
SKU_0023,MSK,2024-02,1663,1622,0,,,HOUSEHOLD,C,2023-01,,PCS
SKU_0023,MSK,2024-03,1442,1773,0,,,HOUSEHOLD,C,2023-01,,PCS
SKU_0023,MSK,2024-04,1252,1771,0,,,HOUSEHOLD,C,2023-01,,PCS
SKU_0023,MSK,2024-05,1159,1181,0,,,HOUSEHOLD,C,2023-01,,PCS
SKU_0023,MSK,2024-06,1108,1936,0,,,HOUSEHOLD,C,2023-01,,PCS
SKU_0023,MSK,2024-07,1057,827,0,,,HOUSEHOLD,C,2023-01,,PCS
SKU_0023,MSK,2024-08,1252,2197,0,,,HOUSEHOLD,C,2023-01,,PCS
SKU_0023,MSK,2024-09,1572,2820,0,,,HOUSEHOLD,C,2023-01,,PCS
SKU_0023,MSK,2024-10,1504,1328,0,,,HOUSEHOLD,C,2023-01,,PCS
SKU_0023,MSK,2024-11,1962,1905,0,,,HOUSEHOLD,C,2023-01,,PCS
SKU_0023,MSK,2024-12,1893,2995,0,,,HOUSEHOLD,C,2023-01,,PCS
SKU_0023,MSK,2025-01,1902,1546,0,,,HOUSEHOLD,C,2023-01,,PCS
SKU_0023,MSK,2025-02,1778,2173,0,,,HOUSEHOLD,C,2023-01,,PCS
SKU_0023,MSK,2025-03,1381,2000,0,,,HOUSEHOLD,C,2023-01,,PCS
SKU_0023,MSK,2025-04,1365,556,0,,,HOUSEHOLD,C,2023-01,,PCS
SKU_0023,MSK,2025-05,1057,1272,0,,,HOUSEHOLD,C,2023-01,,PCS
SKU_0023,MSK,2025-06,1146,1888,0,,,HOUSEHOLD,C,2023-01,,PCS
SKU_0023,MSK,2025-07,1398,1566,0,,,HOUSEHOLD,C,2023-01,,PCS
SKU_0023,MSK,2025-08,1318,575,0,,,HOUSEHOLD,C,2023-01,,PCS
SKU_0023,MSK,2025-09,1561,2110,0,,,HOUSEHOLD,C,2023-01,,PCS
SKU_0023,MSK,2025-10,5279,6457,0,TPR,25.0,HOUSEHOLD,C,2023-01,,PCS
SKU_0023,MSK,2025-11,1896,2576,0,,,HOUSEHOLD,C,2023-01,,PCS
SKU_0023,MSK,2025-12,1739,1274,0,,,HOUSEHOLD,C,2023-01,,PCS
SKU_0024,MSK,2023-01,0,0,0,,,BEVERAGE,A,2023-01,,PCS
SKU_0024,MSK,2023-02,0,1,0,,,BEVERAGE,A,2023-01,,PCS
SKU_0024,MSK,2023-03,0,2,0,,,BEVERAGE,A,2023-01,,PCS
SKU_0024,MSK,2023-04,0,2,0,,,BEVERAGE,A,2023-01,,PCS
SKU_0024,MSK,2023-05,0,2,0,,,BEVERAGE,A,2023-01,,PCS
SKU_0024,MSK,2023-06,0,1,0,,,BEVERAGE,A,2023-01,,PCS
SKU_0024,MSK,2023-07,0,1,0,,,BEVERAGE,A,2023-01,,PCS
SKU_0024,MSK,2023-08,9,12,0,,,BEVERAGE,A,2023-01,,PCS
SKU_0024,MSK,2023-09,0,2,0,,,BEVERAGE,A,2023-01,,PCS
SKU_0024,MSK,2023-10,0,1,0,,,BEVERAGE,A,2023-01,,PCS
SKU_0024,MSK,2023-11,0,1,0,,,BEVERAGE,A,2023-01,,PCS
SKU_0024,MSK,2023-12,0,1,0,,,BEVERAGE,A,2023-01,,PCS
SKU_0024,MSK,2024-01,0,1,0,,,BEVERAGE,A,2023-01,,PCS
SKU_0024,MSK,2024-02,0,1,0,,,BEVERAGE,A,2023-01,,PCS
SKU_0024,MSK,2024-03,0,1,0,,,BEVERAGE,A,2023-01,,PCS
SKU_0024,MSK,2024-04,0,1,0,,,BEVERAGE,A,2023-01,,PCS
SKU_0024,MSK,2024-05,0,2,0,,,BEVERAGE,A,2023-01,,PCS
SKU_0024,MSK,2024-06,10,18,0,,,BEVERAGE,A,2023-01,,PCS
SKU_0024,MSK,2024-07,0,1,0,,,BEVERAGE,A,2023-01,,PCS
SKU_0024,MSK,2024-08,10,5,0,,,BEVERAGE,A,2023-01,,PCS
SKU_0024,MSK,2024-09,0,2,0,,,BEVERAGE,A,2023-01,,PCS
SKU_0024,MSK,2024-10,6,3,0,,,BEVERAGE,A,2023-01,,PCS
SKU_0024,MSK,2024-11,0,1,0,,,BEVERAGE,A,2023-01,,PCS
SKU_0024,MSK,2024-12,0,1,0,,,BEVERAGE,A,2023-01,,PCS
SKU_0024,MSK,2025-01,5,6,0,,,BEVERAGE,A,2023-01,,PCS
SKU_0024,MSK,2025-02,8,5,0,,,BEVERAGE,A,2023-01,,PCS
SKU_0024,MSK,2025-03,0,2,0,,,BEVERAGE,A,2023-01,,PCS
SKU_0024,MSK,2025-04,0,1,0,,,BEVERAGE,A,2023-01,,PCS
SKU_0024,MSK,2025-05,0,1,0,,,BEVERAGE,A,2023-01,,PCS
SKU_0024,MSK,2025-06,0,1,0,,,BEVERAGE,A,2023-01,,PCS
SKU_0024,MSK,2025-07,8,9,0,,,BEVERAGE,A,2023-01,,PCS
SKU_0024,MSK,2025-08,0,1,0,,,BEVERAGE,A,2023-01,,PCS
SKU_0024,MSK,2025-09,0,1,0,,,BEVERAGE,A,2023-01,,PCS
SKU_0024,MSK,2025-10,5,7,0,,,BEVERAGE,A,2023-01,,PCS
SKU_0024,MSK,2025-11,7,12,0,,,BEVERAGE,A,2023-01,,PCS
SKU_0024,MSK,2025-12,0,1,0,,,BEVERAGE,A,2023-01,,PCS
SKU_0025,MSK,2023-01,3907,5682,0,,,SNACK,B,2023-01,,PCS
SKU_0025,MSK,2023-02,4153,5459,0,,,SNACK,B,2023-01,,PCS
SKU_0025,MSK,2023-03,3971,2235,0,,,SNACK,B,2023-01,,PCS
SKU_0025,MSK,2023-04,3684,4424,0,,,SNACK,B,2023-01,,PCS
SKU_0025,MSK,2023-05,3276,4177,0,,,SNACK,B,2023-01,,PCS
SKU_0025,MSK,2023-06,2995,1738,0,,,SNACK,B,2023-01,,PCS
SKU_0025,MSK,2023-07,1777,1468,0,,,SNACK,B,2023-01,,PCS
SKU_0025,MSK,2023-08,2155,868,0,,,SNACK,B,2023-01,,PCS
SKU_0025,MSK,2023-09,2040,2068,0,,,SNACK,B,2023-01,,PCS
SKU_0025,MSK,2023-10,2764,3277,0,,,SNACK,B,2023-01,,PCS
SKU_0025,MSK,2023-11,2079,1394,0,,,SNACK,B,2023-01,,PCS
SKU_0025,MSK,2023-12,2685,2044,0,,,SNACK,B,2023-01,,PCS
SKU_0025,MSK,2024-01,2873,1163,0,,,SNACK,B,2023-01,,PCS
SKU_0025,MSK,2024-02,3620,2827,0,,,SNACK,B,2023-01,,PCS
SKU_0025,MSK,2024-03,4455,5831,0,,,SNACK,B,2023-01,,PCS
SKU_0025,MSK,2024-04,3243,3096,0,,,SNACK,B,2023-01,,PCS
SKU_0025,MSK,2024-05,3889,3786,0,,,SNACK,B,2023-01,,PCS
SKU_0025,MSK,2024-06,3855,2484,0,,,SNACK,B,2023-01,,PCS
SKU_0025,MSK,2024-07,3523,3418,0,,,SNACK,B,2023-01,,PCS
SKU_0025,MSK,2024-08,2080,1811,0,,,SNACK,B,2023-01,,PCS
SKU_0025,MSK,2024-09,1750,2584,0,,,SNACK,B,2023-01,,PCS
SKU_0025,MSK,2024-10,2045,980,0,,,SNACK,B,2023-01,,PCS
SKU_0025,MSK,2024-11,1982,1408,0,,,SNACK,B,2023-01,,PCS
SKU_0025,MSK,2024-12,3801,5094,0,,,SNACK,B,2023-01,,PCS
SKU_0025,MSK,2025-01,4501,5880,0,,,SNACK,B,2023-01,,PCS
SKU_0025,MSK,2025-02,4406,3307,0,,,SNACK,B,2023-01,,PCS
SKU_0025,MSK,2025-03,3325,1649,0,,,SNACK,B,2023-01,,PCS
SKU_0025,MSK,2025-04,4537,2626,0,,,SNACK,B,2023-01,,PCS
SKU_0025,MSK,2025-05,2606,1085,0,,,SNACK,B,2023-01,,PCS
SKU_0025,MSK,2025-06,2730,3029,0,,,SNACK,B,2023-01,,PCS
SKU_0025,MSK,2025-07,2649,2704,0,,,SNACK,B,2023-01,,PCS
SKU_0025,MSK,2025-08,2094,1031,0,,,SNACK,B,2023-01,,PCS
SKU_0025,MSK,2025-09,2597,4554,0,,,SNACK,B,2023-01,,PCS
SKU_0025,MSK,2025-10,1978,1128,0,,,SNACK,B,2023-01,,PCS
SKU_0025,MSK,2025-11,2151,1579,0,,,SNACK,B,2023-01,,PCS
SKU_0025,MSK,2025-12,3549,4633,0,,,SNACK,B,2023-01,,PCS
SKU_0026,MSK,2025-08,970,1347,0,,,DAIRY,C,2025-08,,PCS
SKU_0026,MSK,2025-09,814,1008,0,,,DAIRY,C,2025-08,,PCS
SKU_0026,MSK,2025-10,822,503,0,,,DAIRY,C,2025-08,,PCS
SKU_0026,MSK,2025-11,807,485,0,,,DAIRY,C,2025-08,,PCS
SKU_0026,MSK,2025-12,654,910,0,,,DAIRY,C,2025-08,,PCS
SKU_0027,EKB,2023-01,381,607,0,,,HOUSEHOLD,A,2023-01,,PCS
SKU_0027,MSK,2023-01,1095,1207,0,,,HOUSEHOLD,A,2023-01,,PCS
SKU_0027,EKB,2023-02,376,486,0,,,HOUSEHOLD,A,2023-01,,PCS
SKU_0027,MSK,2023-02,1081,1689,0,,,HOUSEHOLD,A,2023-01,,PCS
SKU_0027,EKB,2023-03,278,309,0,,,HOUSEHOLD,A,2023-01,,PCS
SKU_0027,MSK,2023-03,798,594,0,,,HOUSEHOLD,A,2023-01,,PCS
SKU_0027,EKB,2023-04,597,603,0,,,HOUSEHOLD,A,2023-01,,PCS
SKU_0027,MSK,2023-04,1716,1011,0,,,HOUSEHOLD,A,2023-01,,PCS
SKU_0027,EKB,2023-05,433,483,0,,,HOUSEHOLD,A,2023-01,,PCS
SKU_0027,MSK,2023-05,1243,2166,0,,,HOUSEHOLD,A,2023-01,,PCS
SKU_0027,EKB,2023-06,743,639,0,,,HOUSEHOLD,A,2023-01,,PCS
SKU_0027,MSK,2023-06,2136,3473,0,,,HOUSEHOLD,A,2023-01,,PCS
SKU_0027,EKB,2023-07,552,984,0,,,HOUSEHOLD,A,2023-01,,PCS
SKU_0027,MSK,2023-07,1585,2732,0,,,HOUSEHOLD,A,2023-01,,PCS
SKU_0027,EKB,2023-08,576,626,0,,,HOUSEHOLD,A,2023-01,,PCS
SKU_0027,MSK,2023-08,1654,2141,0,,,HOUSEHOLD,A,2023-01,,PCS
SKU_0027,EKB,2023-09,605,473,0,,,HOUSEHOLD,A,2023-01,,PCS
SKU_0027,MSK,2023-09,1739,2866,0,,,HOUSEHOLD,A,2023-01,,PCS
SKU_0027,EKB,2023-10,496,239,0,,,HOUSEHOLD,A,2023-01,,PCS
SKU_0027,MSK,2023-10,1425,2269,0,,,HOUSEHOLD,A,2023-01,,PCS
SKU_0027,EKB,2023-11,379,657,0,,,HOUSEHOLD,A,2023-01,,PCS
SKU_0027,MSK,2023-11,1090,1683,0,,,HOUSEHOLD,A,2023-01,,PCS
SKU_0027,EKB,2023-12,380,567,0,,,HOUSEHOLD,A,2023-01,,PCS
SKU_0027,MSK,2023-12,1091,1761,0,,,HOUSEHOLD,A,2023-01,,PCS
SKU_0027,EKB,2024-01,419,738,0,,,HOUSEHOLD,A,2023-01,,PCS
SKU_0027,MSK,2024-01,1203,1193,0,,,HOUSEHOLD,A,2023-01,,PCS
SKU_0027,EKB,2024-02,365,490,0,,,HOUSEHOLD,A,2023-01,,PCS
SKU_0027,MSK,2024-02,1048,1739,0,,,HOUSEHOLD,A,2023-01,,PCS
SKU_0027,EKB,2024-03,462,745,0,,,HOUSEHOLD,A,2023-01,,PCS
SKU_0027,MSK,2024-03,1327,1299,0,,,HOUSEHOLD,A,2023-01,,PCS
SKU_0027,EKB,2024-04,493,373,0,,,HOUSEHOLD,A,2023-01,,PCS
SKU_0027,MSK,2024-04,1416,1404,0,,,HOUSEHOLD,A,2023-01,,PCS
SKU_0027,EKB,2024-05,489,255,0,,,HOUSEHOLD,A,2023-01,,PCS
SKU_0027,MSK,2024-05,1405,1279,0,,,HOUSEHOLD,A,2023-01,,PCS
SKU_0027,EKB,2024-06,567,1000,0,,,HOUSEHOLD,A,2023-01,,PCS
SKU_0027,MSK,2024-06,1630,2607,0,,,HOUSEHOLD,A,2023-01,,PCS
SKU_0027,EKB,2024-07,547,310,0,,,HOUSEHOLD,A,2023-01,,PCS
SKU_0027,MSK,2024-07,1571,2004,0,,,HOUSEHOLD,A,2023-01,,PCS
SKU_0027,EKB,2024-08,693,1240,0,,,HOUSEHOLD,A,2023-01,,PCS
SKU_0027,MSK,2024-08,1990,1037,0,,,HOUSEHOLD,A,2023-01,,PCS
SKU_0027,EKB,2024-09,457,436,0,,,HOUSEHOLD,A,2023-01,,PCS
SKU_0027,MSK,2024-09,1313,1491,0,,,HOUSEHOLD,A,2023-01,,PCS
SKU_0027,EKB,2024-10,656,472,0,,,HOUSEHOLD,A,2023-01,,PCS
SKU_0027,MSK,2024-10,1885,1846,0,,,HOUSEHOLD,A,2023-01,,PCS
SKU_0027,EKB,2024-11,450,735,0,,,HOUSEHOLD,A,2023-01,,PCS
SKU_0027,MSK,2024-11,1294,2237,0,,,HOUSEHOLD,A,2023-01,,PCS
SKU_0027,EKB,2024-12,403,294,0,,,HOUSEHOLD,A,2023-01,,PCS
SKU_0027,MSK,2024-12,1159,1642,0,,,HOUSEHOLD,A,2023-01,,PCS
SKU_0027,EKB,2025-01,372,183,0,,,HOUSEHOLD,A,2023-01,,PCS
SKU_0027,MSK,2025-01,1070,1718,0,,,HOUSEHOLD,A,2023-01,,PCS
SKU_0027,EKB,2025-02,384,155,0,,,HOUSEHOLD,A,2023-01,,PCS
SKU_0027,MSK,2025-02,1102,1424,0,,,HOUSEHOLD,A,2023-01,,PCS
SKU_0027,EKB,2025-03,487,325,0,,,HOUSEHOLD,A,2023-01,,PCS
SKU_0027,MSK,2025-03,1401,1238,0,,,HOUSEHOLD,A,2023-01,,PCS
SKU_0027,EKB,2025-04,502,881,0,,,HOUSEHOLD,A,2023-01,,PCS
SKU_0027,MSK,2025-04,1443,2026,0,,,HOUSEHOLD,A,2023-01,,PCS
SKU_0027,EKB,2025-05,511,277,0,,,HOUSEHOLD,A,2023-01,,PCS
SKU_0027,MSK,2025-05,1468,2046,0,,,HOUSEHOLD,A,2023-01,,PCS
SKU_0027,EKB,2025-06,707,341,0,,,HOUSEHOLD,A,2023-01,,PCS
SKU_0027,MSK,2025-06,2030,2045,0,,,HOUSEHOLD,A,2023-01,,PCS
SKU_0027,EKB,2025-07,812,1004,0,,,HOUSEHOLD,A,2023-01,,PCS
SKU_0027,MSK,2025-07,2333,987,0,,,HOUSEHOLD,A,2023-01,,PCS
SKU_0027,EKB,2025-08,671,870,0,,,HOUSEHOLD,A,2023-01,,PCS
SKU_0027,MSK,2025-08,1927,2490,0,,,HOUSEHOLD,A,2023-01,,PCS
SKU_0027,EKB,2025-09,765,858,0,,,HOUSEHOLD,A,2023-01,,PCS
SKU_0027,MSK,2025-09,2199,1578,0,,,HOUSEHOLD,A,2023-01,,PCS
SKU_0027,EKB,2025-10,524,502,0,,,HOUSEHOLD,A,2023-01,,PCS
SKU_0027,MSK,2025-10,1505,846,0,,,HOUSEHOLD,A,2023-01,,PCS
SKU_0027,EKB,2025-11,511,258,0,,,HOUSEHOLD,A,2023-01,,PCS
SKU_0027,MSK,2025-11,1467,2143,0,,,HOUSEHOLD,A,2023-01,,PCS
SKU_0027,EKB,2025-12,369,284,0,,,HOUSEHOLD,A,2023-01,,PCS
SKU_0027,MSK,2025-12,1061,543,0,,,HOUSEHOLD,A,2023-01,,PCS
SKU_0028,MSK,2023-01,129,102,0,,,BEVERAGE,B,2023-01,,PCS
SKU_0028,MSK,2023-02,101,94,0,,,BEVERAGE,B,2023-01,,PCS
SKU_0028,MSK,2023-03,79,61,0,,,BEVERAGE,B,2023-01,,PCS
SKU_0028,MSK,2023-04,90,95,0,,,BEVERAGE,B,2023-01,,PCS
SKU_0028,MSK,2023-05,107,120,0,,,BEVERAGE,B,2023-01,,PCS
SKU_0028,MSK,2023-06,140,210,0,,,BEVERAGE,B,2023-01,,PCS
SKU_0028,MSK,2023-07,128,202,0,,,BEVERAGE,B,2023-01,,PCS
SKU_0028,MSK,2023-08,139,120,0,,,BEVERAGE,B,2023-01,,PCS
SKU_0028,MSK,2023-09,185,193,0,,,BEVERAGE,B,2023-01,,PCS
SKU_0028,MSK,2023-10,131,175,0,,,BEVERAGE,B,2023-01,,PCS
SKU_0028,MSK,2023-11,172,152,0,,,BEVERAGE,B,2023-01,,PCS
SKU_0028,MSK,2023-12,327,411,0,TPR,25.0,BEVERAGE,B,2023-01,,PCS
SKU_0028,MSK,2024-01,144,95,0,,,BEVERAGE,B,2023-01,,PCS
SKU_0028,MSK,2024-02,79,43,0,,,BEVERAGE,B,2023-01,,PCS
SKU_0028,MSK,2024-03,81,116,0,,,BEVERAGE,B,2023-01,,PCS
SKU_0028,MSK,2024-04,121,88,0,,,BEVERAGE,B,2023-01,,PCS
SKU_0028,MSK,2024-05,93,85,0,,,BEVERAGE,B,2023-01,,PCS
SKU_0028,MSK,2024-06,125,69,0,,,BEVERAGE,B,2023-01,,PCS
SKU_0028,MSK,2024-07,142,217,0,,,BEVERAGE,B,2023-01,,PCS
SKU_0028,MSK,2024-08,169,170,0,,,BEVERAGE,B,2023-01,,PCS
SKU_0028,MSK,2024-09,224,403,0,,,BEVERAGE,B,2023-01,,PCS
SKU_0028,MSK,2024-10,171,177,0,,,BEVERAGE,B,2023-01,,PCS
SKU_0028,MSK,2024-11,176,188,0,,,BEVERAGE,B,2023-01,,PCS
SKU_0028,MSK,2024-12,115,82,0,,,BEVERAGE,B,2023-01,,PCS
SKU_0028,MSK,2025-01,107,152,0,,,BEVERAGE,B,2023-01,,PCS
SKU_0028,MSK,2025-02,133,224,0,,,BEVERAGE,B,2023-01,,PCS
SKU_0028,MSK,2025-03,96,55,0,,,BEVERAGE,B,2023-01,,PCS
SKU_0028,MSK,2025-04,112,160,0,,,BEVERAGE,B,2023-01,,PCS
SKU_0028,MSK,2025-05,117,199,0,,,BEVERAGE,B,2023-01,,PCS
SKU_0028,MSK,2025-06,142,65,0,,,BEVERAGE,B,2023-01,,PCS
SKU_0028,MSK,2025-07,175,287,0,,,BEVERAGE,B,2023-01,,PCS
SKU_0028,MSK,2025-08,195,262,0,,,BEVERAGE,B,2023-01,,PCS
SKU_0028,MSK,2025-09,180,293,0,,,BEVERAGE,B,2023-01,,PCS
SKU_0028,MSK,2025-10,228,348,0,,,BEVERAGE,B,2023-01,,PCS
SKU_0028,MSK,2025-11,204,108,0,,,BEVERAGE,B,2023-01,,PCS
SKU_0028,MSK,2025-12,154,145,0,,,BEVERAGE,B,2023-01,,PCS
SKU_0029,MSK,2025-08,466,234,0,,,SNACK,C,2025-08,,PCS
SKU_0029,MSK,2025-09,521,808,0,,,SNACK,C,2025-08,,PCS
SKU_0029,MSK,2025-10,634,400,0,,,SNACK,C,2025-08,,PCS
SKU_0029,MSK,2025-11,706,668,0,,,SNACK,C,2025-08,,PCS
SKU_0029,MSK,2025-12,770,1289,0,,,SNACK,C,2025-08,,PCS
SKU_0030,MSK,2023-01,606,370,0,,,DAIRY,A,2023-01,,PCS
SKU_0030,MSK,2023-02,325,343,0,,,DAIRY,A,2023-01,,PCS
SKU_0030,MSK,2023-03,423,217,0,,,DAIRY,A,2023-01,,PCS
SKU_0030,MSK,2023-04,571,413,0,,,DAIRY,A,2023-01,,PCS
SKU_0030,MSK,2023-04,571,413,0,,,DAIRY,A,2023-01,,PCS
SKU_0030,MSK,2023-05,770,964,0,,,DAIRY,A,2023-01,,PCS
SKU_0030,MSK,2023-06,707,825,0,,,DAIRY,A,2023-01,,PCS
SKU_0030,MSK,2023-07,601,691,0,,,DAIRY,A,2023-01,,PCS
SKU_0030,MSK,2023-08,707,576,0,,,DAIRY,A,2023-01,,PCS
SKU_0030,MSK,2023-09,814,1064,0,,,DAIRY,A,2023-01,,PCS
SKU_0030,MSK,2023-10,587,634,0,,,DAIRY,A,2023-01,,PCS
SKU_0030,MSK,2023-11,545,489,0,,,DAIRY,A,2023-01,,PCS
SKU_0030,MSK,2023-12,454,778,0,,,DAIRY,A,2023-01,,PCS
SKU_0030,MSK,2024-01,472,431,0,,,DAIRY,A,2023-01,,PCS
SKU_0030,MSK,2024-02,458,505,0,,,DAIRY,A,2023-01,,PCS
SKU_0030,MSK,2024-03,361,154,0,,,DAIRY,A,2023-01,,PCS
SKU_0030,MSK,2024-04,578,748,0,,,DAIRY,A,2023-01,,PCS
SKU_0030,MSK,2024-05,714,447,0,,,DAIRY,A,2023-01,,PCS
SKU_0030,MSK,2024-06,593,843,0,,,DAIRY,A,2023-01,,PCS
SKU_0030,MSK,2024-07,823,876,0,,,DAIRY,A,2023-01,,PCS
SKU_0030,MSK,2024-08,734,730,0,,,DAIRY,A,2023-01,,PCS
SKU_0030,MSK,2024-09,817,892,0,,,DAIRY,A,2023-01,,PCS
SKU_0030,MSK,2024-10,626,1079,0,,,DAIRY,A,2023-01,,PCS
SKU_0030,MSK,2024-11,736,741,0,,,DAIRY,A,2023-01,,PCS
SKU_0030,MSK,2024-12,621,530,0,,,DAIRY,A,2023-01,,PCS
SKU_0030,MSK,2025-01,507,346,0,,,DAIRY,A,2023-01,,PCS
SKU_0030,MSK,2025-02,575,738,0,,,DAIRY,A,2023-01,,PCS
SKU_0030,MSK,2025-03,531,341,0,,,DAIRY,A,2023-01,,PCS
SKU_0030,MSK,2025-04,655,1050,0,,,DAIRY,A,2023-01,,PCS
SKU_0030,MSK,2025-05,687,689,0,,,DAIRY,A,2023-01,,PCS
SKU_0030,MSK,2025-06,811,1111,0,,,DAIRY,A,2023-01,,PCS
SKU_0030,MSK,2025-07,687,754,0,,,DAIRY,A,2023-01,,PCS
SKU_0030,MSK,2025-08,874,657,0,,,DAIRY,A,2023-01,,PCS
SKU_0030,MSK,2025-09,842,834,0,,,DAIRY,A,2023-01,,PCS
SKU_0030,MSK,2025-10,928,581,0,,,DAIRY,A,2023-01,,PCS
SKU_0030,MSK,2025-11,712,294,0,,,DAIRY,A,2023-01,,PCS
SKU_0030,MSK,2025-12,734,993,0,,,DAIRY,A,2023-01,,PCS
SKU_0031,MSK,2023-01,0,1,0,,,HOUSEHOLD,B,2023-01,,PCS
SKU_0031,MSK,2023-02,0,2,0,,,HOUSEHOLD,B,2023-01,,PCS
SKU_0031,MSK,2023-03,0,1,0,,,HOUSEHOLD,B,2023-01,,PCS
SKU_0031,MSK,2023-04,0,1,0,,,HOUSEHOLD,B,2023-01,,PCS
SKU_0031,MSK,2023-05,0,1,0,,,HOUSEHOLD,B,2023-01,,PCS
SKU_0031,MSK,2023-06,0,2,0,,,HOUSEHOLD,B,2023-01,,PCS
SKU_0031,MSK,2023-07,0,0,0,,,HOUSEHOLD,B,2023-01,,PCS
SKU_0031,MSK,2023-08,0,1,0,,,HOUSEHOLD,B,2023-01,,PCS
SKU_0031,MSK,2023-09,117,176,0,,,HOUSEHOLD,B,2023-01,,PCS
SKU_0031,MSK,2023-10,96,172,0,,,HOUSEHOLD,B,2023-01,,PCS
SKU_0031,MSK,2023-11,106,87,0,,,HOUSEHOLD,B,2023-01,,PCS
SKU_0031,MSK,2023-12,109,131,0,,,HOUSEHOLD,B,2023-01,,PCS
SKU_0031,MSK,2024-01,76,75,0,,,HOUSEHOLD,B,2023-01,,PCS
SKU_0031,MSK,2024-02,0,1,0,,,HOUSEHOLD,B,2023-01,,PCS
SKU_0031,MSK,2024-03,66,44,0,,,HOUSEHOLD,B,2023-01,,PCS
SKU_0031,MSK,2024-04,74,89,0,,,HOUSEHOLD,B,2023-01,,PCS
SKU_0031,MSK,2024-05,0,2,0,,,HOUSEHOLD,B,2023-01,,PCS
SKU_0031,MSK,2024-06,0,1,0,,,HOUSEHOLD,B,2023-01,,PCS
SKU_0031,MSK,2024-07,0,1,0,,,HOUSEHOLD,B,2023-01,,PCS
SKU_0031,MSK,2024-08,0,2,0,,,HOUSEHOLD,B,2023-01,,PCS
SKU_0031,MSK,2024-09,89,41,0,,,HOUSEHOLD,B,2023-01,,PCS
SKU_0031,MSK,2024-10,128,52,0,,,HOUSEHOLD,B,2023-01,,PCS
SKU_0031,MSK,2024-11,83,124,0,,,HOUSEHOLD,B,2023-01,,PCS
SKU_0031,MSK,2024-12,0,2,0,,,HOUSEHOLD,B,2023-01,,PCS
SKU_0031,MSK,2025-01,0,2,0,,,HOUSEHOLD,B,2023-01,,PCS
SKU_0031,MSK,2025-02,0,1,0,,,HOUSEHOLD,B,2023-01,,PCS
SKU_0031,MSK,2025-03,0,1,0,,,HOUSEHOLD,B,2023-01,,PCS
SKU_0031,MSK,2025-04,0,2,0,,,HOUSEHOLD,B,2023-01,,PCS
SKU_0031,MSK,2025-05,71,68,0,,,HOUSEHOLD,B,2023-01,,PCS
SKU_0031,MSK,2025-06,0,1,0,,,HOUSEHOLD,B,2023-01,,PCS
SKU_0031,MSK,2025-07,118,83,0,,,HOUSEHOLD,B,2023-01,,PCS
SKU_0031,MSK,2025-08,82,92,0,,,HOUSEHOLD,B,2023-01,,PCS
SKU_0031,MSK,2025-09,96,164,0,,,HOUSEHOLD,B,2023-01,,PCS
SKU_0031,MSK,2025-10,0,1,0,,,HOUSEHOLD,B,2023-01,,PCS
SKU_0031,MSK,2025-11,0,2,0,,,HOUSEHOLD,B,2023-01,,PCS
SKU_0031,MSK,2025-12,0,1,0,,,HOUSEHOLD,B,2023-01,,PCS
SKU_0032,MSK,2023-01,1419,2254,0,,,BEVERAGE,C,2023-01,,PCS
SKU_0032,MSK,2023-02,1607,2420,0,,,BEVERAGE,C,2023-01,,PCS
SKU_0032,MSK,2023-03,1328,1411,0,,,BEVERAGE,C,2023-01,,PCS
SKU_0032,MSK,2023-04,1027,1440,0,,,BEVERAGE,C,2023-01,,PCS
SKU_0032,MSK,2023-05,854,1274,0,,,BEVERAGE,C,2023-01,,PCS
SKU_0032,MSK,2023-06,864,473,0,,,BEVERAGE,C,2023-01,,PCS
SKU_0032,MSK,2023-07,777,1205,0,,,BEVERAGE,C,2023-01,,PCS
SKU_0032,MSK,2023-08,1145,1425,0,,,BEVERAGE,C,2023-01,,PCS
SKU_0032,MSK,2023-09,1754,1985,0,,,BEVERAGE,C,2023-01,,PCS
SKU_0032,MSK,2023-10,1708,1563,0,,,BEVERAGE,C,2023-01,,PCS
SKU_0032,MSK,2023-11,2057,2254,0,,,BEVERAGE,C,2023-01,,PCS
SKU_0032,MSK,2023-12,1753,2164,0,,,BEVERAGE,C,2023-01,,PCS
SKU_0032,MSK,2024-01,1336,2197,0,,,BEVERAGE,C,2023-01,,PCS
SKU_0032,MSK,2024-02,1540,2665,0,,,BEVERAGE,C,2023-01,,PCS
SKU_0032,MSK,2024-03,1148,1006,0,,,BEVERAGE,C,2023-01,,PCS
SKU_0032,MSK,2024-04,1327,1793,0,,,BEVERAGE,C,2023-01,,PCS
SKU_0032,MSK,2024-05,1008,1103,0,,,BEVERAGE,C,2023-01,,PCS
SKU_0032,MSK,2024-06,998,736,0,,,BEVERAGE,C,2023-01,,PCS
SKU_0032,MSK,2024-07,1197,1289,0,,,BEVERAGE,C,2023-01,,PCS
SKU_0032,MSK,2024-08,1389,1902,0,,,BEVERAGE,C,2023-01,,PCS
SKU_0032,MSK,2024-09,1703,3026,0,,,BEVERAGE,C,2023-01,,PCS
SKU_0032,MSK,2024-10,1762,2999,0,,,BEVERAGE,C,2023-01,,PCS
SKU_0032,MSK,2024-11,2003,2884,0,,,BEVERAGE,C,2023-01,,PCS
SKU_0032,MSK,2024-12,2226,3700,0,,,BEVERAGE,C,2023-01,,PCS
SKU_0032,MSK,2025-01,1704,848,0,,,BEVERAGE,C,2023-01,,PCS
SKU_0032,MSK,2025-02,1909,3063,0,,,BEVERAGE,C,2023-01,,PCS
SKU_0032,MSK,2025-03,1385,661,0,,,BEVERAGE,C,2023-01,,PCS
SKU_0032,MSK,2025-04,890,1142,0,,,BEVERAGE,C,2023-01,,PCS
SKU_0032,MSK,2025-05,949,1406,0,,,BEVERAGE,C,2023-01,,PCS
SKU_0032,MSK,2025-06,1363,1706,0,,,BEVERAGE,C,2023-01,,PCS
SKU_0032,MSK,2025-07,1405,2087,0,,,BEVERAGE,C,2023-01,,PCS
SKU_0032,MSK,2025-08,1657,965,0,,,BEVERAGE,C,2023-01,,PCS
SKU_0032,MSK,2025-09,1738,1642,0,,,BEVERAGE,C,2023-01,,PCS
SKU_0032,MSK,2025-10,1837,1999,0,,,BEVERAGE,C,2023-01,,PCS
SKU_0032,MSK,2025-11,1905,2674,0,,,BEVERAGE,C,2023-01,,PCS
SKU_0032,MSK,2025-12,1895,825,0,,,BEVERAGE,C,2023-01,,PCS
SKU_0033,MSK,2023-01,3715,2785,0,,,SNACK,A,2023-01,,PCS
SKU_0033,MSK,2023-02,3266,5408,0,,,SNACK,A,2023-01,,PCS
SKU_0033,MSK,2023-03,3254,3229,0,,,SNACK,A,2023-01,,PCS
SKU_0033,MSK,2023-04,2796,1679,0,,,SNACK,A,2023-01,,PCS
SKU_0033,MSK,2023-05,2313,2993,0,,,SNACK,A,2023-01,,PCS
SKU_0033,MSK,2023-06,2392,3762,0,,,SNACK,A,2023-01,,PCS
SKU_0033,MSK,2023-07,2278,2768,0,,,SNACK,A,2023-01,,PCS
SKU_0033,MSK,2023-08,2705,3172,0,,,SNACK,A,2023-01,,PCS
SKU_0033,MSK,2023-09,3158,2382,0,,,SNACK,A,2023-01,,PCS
SKU_0033,MSK,2023-10,3659,6335,0,,,SNACK,A,2023-01,,PCS
SKU_0033,MSK,2023-11,3868,2642,0,,,SNACK,A,2023-01,,PCS
SKU_0033,MSK,2023-12,4618,3660,0,,,SNACK,A,2023-01,,PCS
SKU_0033,MSK,2024-01,4117,2302,0,,,SNACK,A,2023-01,,PCS
SKU_0033,MSK,2024-02,4147,4547,0,,,SNACK,A,2023-01,,PCS
SKU_0033,MSK,2024-03,0,0,30,,,SNACK,A,2023-01,,PCS
SKU_0033,MSK,2024-04,0,0,30,,,SNACK,A,2023-01,,PCS
SKU_0033,MSK,2024-05,2882,5087,0,,,SNACK,A,2023-01,,PCS
SKU_0033,MSK,2024-06,2455,2039,0,,,SNACK,A,2023-01,,PCS
SKU_0033,MSK,2024-07,2758,4615,0,,,SNACK,A,2023-01,,PCS
SKU_0033,MSK,2024-08,3117,2502,0,,,SNACK,A,2023-01,,PCS
SKU_0033,MSK,2024-09,3435,2842,0,,,SNACK,A,2023-01,,PCS
SKU_0033,MSK,2024-10,5042,4916,0,,,SNACK,A,2023-01,,PCS
SKU_0033,MSK,2024-11,4018,3409,0,,,SNACK,A,2023-01,,PCS
SKU_0033,MSK,2024-12,4320,4202,0,,,SNACK,A,2023-01,,PCS
SKU_0033,MSK,2025-01,3950,2736,0,,,SNACK,A,2023-01,,PCS
SKU_0033,MSK,2025-02,4740,3185,0,,,SNACK,A,2023-01,,PCS
SKU_0033,MSK,2025-03,4029,5630,0,,,SNACK,A,2023-01,,PCS
SKU_0033,MSK,2025-04,3559,3521,0,,,SNACK,A,2023-01,,PCS
SKU_0033,MSK,2025-05,3478,2491,0,,,SNACK,A,2023-01,,PCS
SKU_0033,MSK,2025-06,2425,1200,0,,,SNACK,A,2023-01,,PCS
SKU_0033,MSK,2025-07,3177,3876,0,,,SNACK,A,2023-01,,PCS
SKU_0033,MSK,2025-08,3468,1866,0,,,SNACK,A,2023-01,,PCS
SKU_0033,MSK,2025-09,3897,1881,0,,,SNACK,A,2023-01,,PCS
SKU_0033,MSK,2025-10,4049,5910,0,,,SNACK,A,2023-01,,PCS
SKU_0033,MSK,2025-11,4826,8137,0,,,SNACK,A,2023-01,,PCS
SKU_0033,MSK,2025-12,5332,3125,0,,,SNACK,A,2023-01,,PCS
SKU_0034,EKB,2023-01,392,641,0,,,DAIRY,B,2023-01,,PCS
SKU_0034,MSK,2023-01,803,1200,0,,,DAIRY,B,2023-01,,PCS
SKU_0034,EKB,2023-02,314,373,0,,,DAIRY,B,2023-01,,PCS
SKU_0034,MSK,2023-02,643,473,0,,,DAIRY,B,2023-01,,PCS
SKU_0034,EKB,2023-03,304,268,0,,,DAIRY,B,2023-01,,PCS
SKU_0034,MSK,2023-03,622,856,0,,,DAIRY,B,2023-01,,PCS
SKU_0034,EKB,2023-04,221,200,0,,,DAIRY,B,2023-01,,PCS
SKU_0034,MSK,2023-04,452,555,0,,,DAIRY,B,2023-01,,PCS
SKU_0034,EKB,2023-05,240,140,0,,,DAIRY,B,2023-01,,PCS
SKU_0034,MSK,2023-05,491,764,0,,,DAIRY,B,2023-01,,PCS
SKU_0034,EKB,2023-06,238,275,0,,,DAIRY,B,2023-01,,PCS
SKU_0034,MSK,2023-06,488,304,0,,,DAIRY,B,2023-01,,PCS
SKU_0034,EKB,2023-07,250,285,0,,,DAIRY,B,2023-01,,PCS
SKU_0034,MSK,2023-07,512,736,0,,,DAIRY,B,2023-01,,PCS
SKU_0034,EKB,2023-08,269,300,0,,,DAIRY,B,2023-01,,PCS
SKU_0034,MSK,2023-08,552,655,0,,,DAIRY,B,2023-01,,PCS
SKU_0034,EKB,2023-09,291,448,0,,,DAIRY,B,2023-01,,PCS
SKU_0034,MSK,2023-09,597,332,0,,,DAIRY,B,2023-01,,PCS
SKU_0034,EKB,2023-10,378,512,0,,,DAIRY,B,2023-01,,PCS
SKU_0034,MSK,2023-10,774,1246,0,,,DAIRY,B,2023-01,,PCS
SKU_0034,EKB,2023-11,392,442,0,,,DAIRY,B,2023-01,,PCS
SKU_0034,MSK,2023-11,803,1351,0,,,DAIRY,B,2023-01,,PCS
SKU_0034,EKB,2023-12,381,661,0,,,DAIRY,B,2023-01,,PCS
SKU_0034,MSK,2023-12,781,365,0,,,DAIRY,B,2023-01,,PCS
SKU_0034,EKB,2024-01,410,326,0,,,DAIRY,B,2023-01,,PCS
SKU_0034,MSK,2024-01,839,582,0,,,DAIRY,B,2023-01,,PCS
SKU_0034,EKB,2024-02,386,156,0,,,DAIRY,B,2023-01,,PCS
SKU_0034,MSK,2024-02,791,839,0,,,DAIRY,B,2023-01,,PCS
SKU_0034,EKB,2024-03,287,200,0,,,DAIRY,B,2023-01,,PCS
SKU_0034,MSK,2024-03,589,314,0,,,DAIRY,B,2023-01,,PCS
SKU_0034,EKB,2024-04,279,324,0,,,DAIRY,B,2023-01,,PCS
SKU_0034,MSK,2024-04,571,536,0,,,DAIRY,B,2023-01,,PCS
SKU_0034,EKB,2024-05,265,237,0,,,DAIRY,B,2023-01,,PCS
SKU_0034,MSK,2024-05,544,389,0,,,DAIRY,B,2023-01,,PCS
SKU_0034,EKB,2024-06,278,167,0,,,DAIRY,B,2023-01,,PCS
SKU_0034,MSK,2024-06,570,343,0,,,DAIRY,B,2023-01,,PCS
SKU_0034,EKB,2024-07,261,210,0,,,DAIRY,B,2023-01,,PCS
SKU_0034,MSK,2024-07,535,756,0,,,DAIRY,B,2023-01,,PCS
SKU_0034,EKB,2024-08,298,265,0,,,DAIRY,B,2023-01,,PCS
SKU_0034,MSK,2024-08,611,385,0,,,DAIRY,B,2023-01,,PCS
SKU_0034,EKB,2024-09,271,284,0,,,DAIRY,B,2023-01,,PCS
SKU_0034,MSK,2024-09,555,643,0,,,DAIRY,B,2023-01,,PCS
SKU_0034,EKB,2024-10,376,241,0,,,DAIRY,B,2023-01,,PCS
SKU_0034,MSK,2024-10,770,1110,0,,,DAIRY,B,2023-01,,PCS
SKU_0034,EKB,2024-11,467,617,0,,,DAIRY,B,2023-01,,PCS
SKU_0034,MSK,2024-11,957,1235,0,,,DAIRY,B,2023-01,,PCS
SKU_0034,EKB,2024-12,429,658,0,,,DAIRY,B,2023-01,,PCS
SKU_0034,MSK,2024-12,879,1533,0,,,DAIRY,B,2023-01,,PCS
SKU_0034,EKB,2025-01,462,289,0,,,DAIRY,B,2023-01,,PCS
SKU_0034,MSK,2025-01,946,540,0,,,DAIRY,B,2023-01,,PCS
SKU_0034,EKB,2025-02,414,387,0,,,DAIRY,B,2023-01,,PCS
SKU_0034,MSK,2025-02,848,669,0,,,DAIRY,B,2023-01,,PCS
SKU_0034,EKB,2025-03,360,609,0,,,DAIRY,B,2023-01,,PCS
SKU_0034,MSK,2025-03,737,859,0,,,DAIRY,B,2023-01,,PCS
SKU_0034,EKB,2025-04,341,481,0,,,DAIRY,B,2023-01,,PCS
SKU_0034,MSK,2025-04,698,813,0,,,DAIRY,B,2023-01,,PCS
SKU_0034,EKB,2025-05,267,364,0,,,DAIRY,B,2023-01,,PCS
SKU_0034,MSK,2025-05,547,768,0,,,DAIRY,B,2023-01,,PCS
SKU_0034,EKB,2025-06,261,446,0,,,DAIRY,B,2023-01,,PCS
SKU_0034,MSK,2025-06,535,429,0,,,DAIRY,B,2023-01,,PCS
SKU_0034,EKB,2025-07,239,429,0,,,DAIRY,B,2023-01,,PCS
SKU_0034,MSK,2025-07,489,340,0,,,DAIRY,B,2023-01,,PCS
SKU_0034,EKB,2025-08,342,568,0,,,DAIRY,B,2023-01,,PCS
SKU_0034,MSK,2025-08,700,432,0,,,DAIRY,B,2023-01,,PCS
SKU_0034,EKB,2025-09,339,472,0,,,DAIRY,B,2023-01,,PCS
SKU_0034,MSK,2025-09,694,840,0,,,DAIRY,B,2023-01,,PCS
SKU_0034,EKB,2025-10,461,630,0,,,DAIRY,B,2023-01,,PCS
SKU_0034,MSK,2025-10,944,1668,0,,,DAIRY,B,2023-01,,PCS
SKU_0034,EKB,2025-11,471,782,0,,,DAIRY,B,2023-01,,PCS
SKU_0034,MSK,2025-11,964,1476,0,,,DAIRY,B,2023-01,,PCS
SKU_0034,EKB,2025-12,448,548,0,,,DAIRY,B,2023-01,,PCS
SKU_0034,MSK,2025-12,917,1333,0,,,DAIRY,B,2023-01,,PCS
SKU_0035,MSK,2025-08,305,189,0,,,HOUSEHOLD,C,2025-08,,PCS
SKU_0035,MSK,2025-09,265,381,0,,,HOUSEHOLD,C,2025-08,,PCS
SKU_0035,MSK,2025-10,358,370,0,,,HOUSEHOLD,C,2025-08,,PCS
SKU_0035,MSK,2025-11,413,550,0,,,HOUSEHOLD,C,2025-08,,PCS
SKU_0035,MSK,2025-12,318,540,0,,,HOUSEHOLD,C,2025-08,,PCS
SKU_0036,MSK,2024-10,216,317,0,,,BEVERAGE,A,2024-10,SKU_0011,PCS
SKU_0036,MSK,2024-11,245,407,0,,,BEVERAGE,A,2024-10,SKU_0011,PCS
SKU_0036,MSK,2024-12,279,255,0,,,BEVERAGE,A,2024-10,SKU_0011,PCS
SKU_0036,MSK,2025-01,268,162,0,,,BEVERAGE,A,2024-10,SKU_0011,PCS
SKU_0036,MSK,2025-02,346,366,0,,,BEVERAGE,A,2024-10,SKU_0011,PCS
SKU_0036,MSK,2025-03,295,262,0,,,BEVERAGE,A,2024-10,SKU_0011,PCS
SKU_0036,MSK,2025-04,295,468,0,,,BEVERAGE,A,2024-10,SKU_0011,PCS
SKU_0036,MSK,2025-05,229,373,0,,,BEVERAGE,A,2024-10,SKU_0011,PCS
SKU_0036,MSK,2025-06,220,250,0,,,BEVERAGE,A,2024-10,SKU_0011,PCS
SKU_0036,MSK,2025-07,207,349,0,,,BEVERAGE,A,2024-10,SKU_0011,PCS
SKU_0036,MSK,2025-08,199,268,0,,,BEVERAGE,A,2024-10,SKU_0011,PCS
SKU_0036,MSK,2025-09,204,248,0,,,BEVERAGE,A,2024-10,SKU_0011,PCS
SKU_0036,MSK,2025-10,207,159,0,,,BEVERAGE,A,2024-10,SKU_0011,PCS
SKU_0036,MSK,2025-11,247,442,0,,,BEVERAGE,A,2024-10,SKU_0011,PCS
SKU_0036,MSK,2025-12,304,291,0,,,BEVERAGE,A,2024-10,SKU_0011,PCS
SKU_0037,MSK,2023-01,224,314,0,,,SNACK,B,2023-01,,PCS
SKU_0037,MSK,2023-02,183,89,0,,,SNACK,B,2023-01,,PCS
SKU_0037,MSK,2023-03,164,78,0,,,SNACK,B,2023-01,,PCS
SKU_0037,MSK,2023-04,205,187,0,,,SNACK,B,2023-01,,PCS
SKU_0037,MSK,2023-05,223,373,0,,,SNACK,B,2023-01,,PCS
SKU_0037,MSK,2023-06,264,439,0,,,SNACK,B,2023-01,,PCS
SKU_0037,MSK,2023-07,263,192,0,,,SNACK,B,2023-01,,PCS
SKU_0037,MSK,2023-08,318,449,0,,,SNACK,B,2023-01,,PCS
SKU_0037,MSK,2023-09,304,185,0,,,SNACK,B,2023-01,,PCS
SKU_0037,MSK,2023-10,350,618,0,,,SNACK,B,2023-01,,PCS
SKU_0037,MSK,2023-11,318,475,0,,,SNACK,B,2023-01,,PCS
SKU_0037,MSK,2023-12,261,421,0,,,SNACK,B,2023-01,,PCS
SKU_0037,MSK,2024-01,238,390,0,,,SNACK,B,2023-01,,PCS
SKU_0037,MSK,2024-02,192,233,0,,,SNACK,B,2023-01,,PCS
SKU_0037,MSK,2024-03,200,105,0,,,SNACK,B,2023-01,,PCS
SKU_0037,MSK,2024-04,217,260,0,,,SNACK,B,2023-01,,PCS
SKU_0037,MSK,2024-05,247,108,0,,,SNACK,B,2023-01,,PCS
SKU_0037,MSK,2024-06,281,393,0,,,SNACK,B,2023-01,,PCS
SKU_0037,MSK,2024-07,304,177,0,,,SNACK,B,2023-01,,PCS
SKU_0037,MSK,2024-08,1345,571,0,TPR,25.0,SNACK,B,2023-01,,PCS
SKU_0037,MSK,2024-09,391,428,0,,,SNACK,B,2023-01,,PCS
SKU_0037,MSK,2024-10,368,504,0,,,SNACK,B,2023-01,,PCS
SKU_0037,MSK,2024-11,331,387,0,,,SNACK,B,2023-01,,PCS
SKU_0037,MSK,2024-12,295,281,0,,,SNACK,B,2023-01,,PCS
SKU_0037,MSK,2025-01,300,187,0,,,SNACK,B,2023-01,,PCS
SKU_0037,MSK,2025-02,259,456,0,,,SNACK,B,2023-01,,PCS
SKU_0037,MSK,2025-03,242,127,0,,,SNACK,B,2023-01,,PCS
SKU_0037,MSK,2025-04,260,339,0,,,SNACK,B,2023-01,,PCS
SKU_0037,MSK,2025-05,271,372,0,,,SNACK,B,2023-01,,PCS
SKU_0037,MSK,2025-06,335,525,0,,,SNACK,B,2023-01,,PCS
SKU_0037,MSK,2025-07,394,373,0,,,SNACK,B,2023-01,,PCS
SKU_0037,MSK,2025-08,378,427,0,,,SNACK,B,2023-01,,PCS
SKU_0037,MSK,2025-09,420,620,0,,,SNACK,B,2023-01,,PCS
SKU_0037,MSK,2025-10,434,301,0,,,SNACK,B,2023-01,,PCS
SKU_0037,MSK,2025-11,402,422,0,,,SNACK,B,2023-01,,PCS
SKU_0037,MSK,2025-12,379,527,0,,,SNACK,B,2023-01,,PCS
SKU_0038,MSK,2023-01,101,162,0,,,DAIRY,C,2023-01,,PCS
SKU_0038,MSK,2023-02,134,200,0,,,DAIRY,C,2023-01,,PCS
SKU_0038,MSK,2023-03,150,203,0,,,DAIRY,C,2023-01,,PCS
SKU_0038,MSK,2023-04,143,213,0,,,DAIRY,C,2023-01,,PCS
SKU_0038,MSK,2023-05,162,226,0,,,DAIRY,C,2023-01,,PCS
SKU_0038,MSK,2023-06,159,78,0,,,DAIRY,C,2023-01,,PCS
SKU_0038,MSK,2023-07,142,78,0,,,DAIRY,C,2023-01,,PCS
SKU_0038,MSK,2023-08,118,65,0,,,DAIRY,C,2023-01,,PCS
SKU_0038,MSK,2023-09,93,59,0,,,DAIRY,C,2023-01,,PCS
SKU_0038,MSK,2023-10,87,38,0,,,DAIRY,C,2023-01,,PCS
SKU_0038,MSK,2023-11,79,51,0,,,DAIRY,C,2023-01,,PCS
SKU_0038,MSK,2023-12,93,151,0,,,DAIRY,C,2023-01,,PCS
SKU_0038,MSK,2024-01,111,45,0,,,DAIRY,C,2023-01,,PCS
SKU_0038,MSK,2024-02,136,168,0,,,DAIRY,C,2023-01,,PCS
SKU_0038,MSK,2024-03,156,268,0,,,DAIRY,C,2023-01,,PCS
SKU_0038,MSK,2024-04,146,176,0,,,DAIRY,C,2023-01,,PCS
SKU_0038,MSK,2024-05,179,177,0,,,DAIRY,C,2023-01,,PCS
SKU_0038,MSK,2024-06,151,213,0,,,DAIRY,C,2023-01,,PCS
SKU_0038,MSK,2024-07,152,235,0,,,DAIRY,C,2023-01,,PCS
SKU_0038,MSK,2024-08,152,135,0,,,DAIRY,C,2023-01,,PCS
SKU_0038,MSK,2024-09,131,80,0,,,DAIRY,C,2023-01,,PCS
SKU_0038,MSK,2024-10,111,109,0,,,DAIRY,C,2023-01,,PCS
SKU_0038,MSK,2024-11,105,53,0,,,DAIRY,C,2023-01,,PCS
SKU_0038,MSK,2024-12,121,143,0,,,DAIRY,C,2023-01,,PCS
SKU_0038,MSK,2025-01,121,84,0,,,DAIRY,C,2023-01,,PCS
SKU_0038,MSK,2025-02,0,0,30,,,DAIRY,C,2023-01,,PCS
SKU_0038,MSK,2025-03,0,0,30,,,DAIRY,C,2023-01,,PCS
SKU_0038,MSK,2025-04,179,199,0,,,DAIRY,C,2023-01,,PCS
SKU_0038,MSK,2025-05,184,292,0,,,DAIRY,C,2023-01,,PCS
SKU_0038,MSK,2025-06,180,228,0,,,DAIRY,C,2023-01,,PCS
SKU_0038,MSK,2025-07,176,162,0,,,DAIRY,C,2023-01,,PCS
SKU_0038,MSK,2025-08,172,98,0,,,DAIRY,C,2023-01,,PCS
SKU_0038,MSK,2025-09,124,214,0,,,DAIRY,C,2023-01,,PCS
SKU_0038,MSK,2025-10,129,129,0,,,DAIRY,C,2023-01,,PCS
SKU_0038,MSK,2025-11,102,93,0,,,DAIRY,C,2023-01,,PCS
SKU_0038,MSK,2025-12,97,40,0,,,DAIRY,C,2023-01,,PCS
SKU_0039,MSK,2023-01,1178,973,0,,,HOUSEHOLD,A,2023-01,,PCS
SKU_0039,MSK,2023-02,1037,878,0,,,HOUSEHOLD,A,2023-01,,PCS
SKU_0039,MSK,2023-03,1005,1735,0,,,HOUSEHOLD,A,2023-01,,PCS
SKU_0039,MSK,2023-04,1071,1074,0,,,HOUSEHOLD,A,2023-01,,PCS
SKU_0039,MSK,2023-05,1333,2020,0,,,HOUSEHOLD,A,2023-01,,PCS
SKU_0039,MSK,2023-06,1136,1437,0,,,HOUSEHOLD,A,2023-01,,PCS
SKU_0039,MSK,2023-07,1564,1404,0,,,HOUSEHOLD,A,2023-01,,PCS
SKU_0039,MSK,2023-08,1722,1024,0,,,HOUSEHOLD,A,2023-01,,PCS
SKU_0039,MSK,2023-09,1626,2751,0,,,HOUSEHOLD,A,2023-01,,PCS
SKU_0039,MSK,2023-10,2143,1670,0,,,HOUSEHOLD,A,2023-01,,PCS
SKU_0039,MSK,2023-11,1509,2327,0,,,HOUSEHOLD,A,2023-01,,PCS
SKU_0039,MSK,2023-12,1607,1285,0,,,HOUSEHOLD,A,2023-01,,PCS
SKU_0039,MSK,2024-01,1463,596,0,,,HOUSEHOLD,A,2023-01,,PCS
SKU_0039,MSK,2024-02,1075,834,0,,,HOUSEHOLD,A,2023-01,,PCS
SKU_0039,MSK,2024-03,1093,645,0,,,HOUSEHOLD,A,2023-01,,PCS
SKU_0039,MSK,2024-04,1546,2490,0,,,HOUSEHOLD,A,2023-01,,PCS
SKU_0039,MSK,2024-05,1309,2037,0,,,HOUSEHOLD,A,2023-01,,PCS
SKU_0039,MSK,2024-06,1437,587,0,,,HOUSEHOLD,A,2023-01,,PCS
SKU_0039,MSK,2024-07,1365,2230,0,,,HOUSEHOLD,A,2023-01,,PCS
SKU_0039,MSK,2024-08,1934,3266,0,,,HOUSEHOLD,A,2023-01,,PCS
SKU_0039,MSK,2024-09,1550,2262,0,,,HOUSEHOLD,A,2023-01,,PCS
SKU_0039,MSK,2024-10,2047,2293,0,,,HOUSEHOLD,A,2023-01,,PCS
SKU_0039,MSK,2024-11,1297,2276,0,,,HOUSEHOLD,A,2023-01,,PCS
SKU_0039,MSK,2024-12,1405,1351,0,,,HOUSEHOLD,A,2023-01,,PCS
SKU_0039,MSK,2025-01,1394,1513,0,,,HOUSEHOLD,A,2023-01,,PCS
SKU_0039,MSK,2025-02,1655,2851,0,,,HOUSEHOLD,A,2023-01,,PCS
SKU_0039,MSK,2025-03,1108,1845,0,,,HOUSEHOLD,A,2023-01,,PCS
SKU_0039,MSK,2025-04,1143,1769,0,,,HOUSEHOLD,A,2023-01,,PCS
SKU_0039,MSK,2025-05,1538,1952,0,,,HOUSEHOLD,A,2023-01,,PCS
SKU_0039,MSK,2025-06,1842,2550,0,,,HOUSEHOLD,A,2023-01,,PCS
SKU_0039,MSK,2025-07,2060,963,0,,,HOUSEHOLD,A,2023-01,,PCS
SKU_0039,MSK,2025-08,2004,2508,0,,,HOUSEHOLD,A,2023-01,,PCS
SKU_0039,MSK,2025-09,1746,2426,0,,,HOUSEHOLD,A,2023-01,,PCS
SKU_0039,MSK,2025-10,1692,2492,0,,,HOUSEHOLD,A,2023-01,,PCS
SKU_0039,MSK,2025-11,1874,1184,0,,,HOUSEHOLD,A,2023-01,,PCS
SKU_0039,MSK,2025-12,1643,2876,0,,,HOUSEHOLD,A,2023-01,,PCS
SKU_0040,MSK,2023-01,0,0,0,,,BEVERAGE,B,2023-01,,PCS
SKU_0040,MSK,2023-02,0,0,0,,,BEVERAGE,B,2023-01,,PCS
SKU_0040,MSK,2023-03,0,1,0,,,BEVERAGE,B,2023-01,,PCS
SKU_0040,MSK,2023-04,0,1,0,,,BEVERAGE,B,2023-01,,PCS
SKU_0040,MSK,2023-05,31,50,0,,,BEVERAGE,B,2023-01,,PCS
SKU_0040,MSK,2023-06,0,1,0,,,BEVERAGE,B,2023-01,,PCS
SKU_0040,MSK,2023-07,31,48,0,,,BEVERAGE,B,2023-01,,PCS
SKU_0040,MSK,2023-08,0,1,0,,,BEVERAGE,B,2023-01,,PCS
SKU_0040,MSK,2023-09,0,1,0,,,BEVERAGE,B,2023-01,,PCS
SKU_0040,MSK,2023-10,28,16,0,,,BEVERAGE,B,2023-01,,PCS
SKU_0040,MSK,2023-11,0,1,0,,,BEVERAGE,B,2023-01,,PCS
SKU_0040,MSK,2023-12,18,25,0,,,BEVERAGE,B,2023-01,,PCS
SKU_0040,MSK,2024-01,0,1,0,,,BEVERAGE,B,2023-01,,PCS
SKU_0040,MSK,2024-02,0,2,0,,,BEVERAGE,B,2023-01,,PCS
SKU_0040,MSK,2024-03,30,35,0,,,BEVERAGE,B,2023-01,,PCS
SKU_0040,MSK,2024-04,31,50,0,,,BEVERAGE,B,2023-01,,PCS
SKU_0040,MSK,2024-05,0,1,0,,,BEVERAGE,B,2023-01,,PCS
SKU_0040,MSK,2024-06,0,1,0,,,BEVERAGE,B,2023-01,,PCS
SKU_0040,MSK,2024-07,0,1,0,,,BEVERAGE,B,2023-01,,PCS
SKU_0040,MSK,2024-08,0,1,0,,,BEVERAGE,B,2023-01,,PCS
SKU_0040,MSK,2024-09,26,11,0,,,BEVERAGE,B,2023-01,,PCS
SKU_0040,MSK,2024-10,0,2,0,,,BEVERAGE,B,2023-01,,PCS
SKU_0040,MSK,2024-11,28,24,0,,,BEVERAGE,B,2023-01,,PCS
SKU_0040,MSK,2024-12,0,2,0,,,BEVERAGE,B,2023-01,,PCS
SKU_0040,MSK,2025-01,0,2,0,,,BEVERAGE,B,2023-01,,PCS
SKU_0040,MSK,2025-02,0,2,0,,,BEVERAGE,B,2023-01,,PCS
SKU_0040,MSK,2025-03,0,1,0,,,BEVERAGE,B,2023-01,,PCS
SKU_0040,MSK,2025-04,31,19,0,,,BEVERAGE,B,2023-01,,PCS
SKU_0040,MSK,2025-05,31,21,0,,,BEVERAGE,B,2023-01,,PCS
SKU_0040,MSK,2025-06,0,1,0,,,BEVERAGE,B,2023-01,,PCS
SKU_0040,MSK,2025-07,0,2,0,,,BEVERAGE,B,2023-01,,PCS
SKU_0040,MSK,2025-08,0,1,0,,,BEVERAGE,B,2023-01,,PCS
SKU_0040,MSK,2025-09,27,41,0,,,BEVERAGE,B,2023-01,,PCS
SKU_0040,MSK,2025-10,0,0,0,,,BEVERAGE,B,2023-01,,PCS
SKU_0040,MSK,2025-11,21,12,0,,,BEVERAGE,B,2023-01,,PCS
SKU_0040,MSK,2025-12,0,1,0,,,BEVERAGE,B,2023-01,,PCS
